country,band,value,year
Albania,700,0,2017
Albania,800,0,2017
Albania,900,0,2017
Albania,1500,0,2017
Albania,1800,0,2017
Albania,2100,0,2017
Albania,2300,0,2017
Albania,2600,0,2017
Albania,3400,0,2017
Albania,3600,0,2017
Algeria,700,0,2017
Algeria,800,0,2017
Algeria,900,0,2017
Algeria,1500,0,2017
Algeria,1800,0,2017
Algeria,2100,0,2017
Algeria,2300,0,2017
Algeria,2600,0,2017
Algeria,3400,0,2017
Algeria,3600,0,2017
Argentina,700,0,2017
Argentina,800,0,2017
Argentina,900,0,2017
Argentina,1500,0,2017
Argentina,1800,0,2017
Argentina,2100,0,2017
Argentina,2300,0,2017
Argentina,2600,0,2017
Argentina,3400,0,2017
Argentina,3600,0,2017
Australia,700,0,2017
Australia,800,0,2017
Australia,900,0,2017
Australia,1500,0,2017
Australia,1800,0,2017
Australia,2100,0,2017
Australia,2300,0,2017
Australia,2600,0,2017
Australia,3400,0,2017
Australia,3600,0,2017
Bangladesh,700,0,2017
Bangladesh,800,0,2017
Bangladesh,900,0,2017
Bangladesh,1500,0,2017
Bangladesh,1800,0,2017
Bangladesh,2100,0,2017
Bangladesh,2300,0,2017
Bangladesh,2600,0,2017
Bangladesh,3400,0,2017
Bangladesh,3600,0,2017
Belgium,700,0,2017
Belgium,800,0,2017
Belgium,900,0,2017
Belgium,1500,0,2017
Belgium,1800,0,2017
Belgium,2100,0,2017
Belgium,2300,0,2017
Belgium,2600,0,2017
Belgium,3400,0,2017
Belgium,3600,0,2017
Brazil,700,0,2017
Brazil,800,0,2017
Brazil,900,0,2017
Brazil,1500,0,2017
Brazil,1800,0,2017
Brazil,2100,0,2017
Brazil,2300,0,2017
Brazil,2600,0,2017
Brazil,3400,0,2017
Brazil,3600,0,2017
Bulgaria,700,0,2017
Bulgaria,800,0,2017
Bulgaria,900,0,2017
Bulgaria,1500,0,2017
Bulgaria,1800,0,2017
Bulgaria,2100,0,2017
Bulgaria,2300,0,2017
Bulgaria,2600,0,2017
Bulgaria,3400,0,2017
Bulgaria,3600,0,2017
Chile,700,0,2017
Chile,800,0,2017
Chile,900,0,2017
Chile,1500,0,2017
Chile,1800,0,2017
Chile,2100,0,2017
Chile,2300,0,2017
Chile,2600,0,2017
Chile,3400,0,2017
Chile,3600,0,2017
Colombia,700,0,2017
Colombia,800,0,2017
Colombia,900,0,2017
Colombia,1500,0,2017
Colombia,1800,0,2017
Colombia,2100,0,2017
Colombia,2300,0,2017
Colombia,2600,0,2017
Colombia,3400,0,2017
Colombia,3600,0,2017
Costa Rica,700,0,2017
Costa Rica,800,0,2017
Costa Rica,900,0,2017
Costa Rica,1500,0,2017
Costa Rica,1800,0,2017
Costa Rica,2100,0,2017
Costa Rica,2300,0,2017
Costa Rica,2600,0,2017
Costa Rica,3400,0,2017
Costa Rica,3600,0,2017
Croatia,700,0,2017
Croatia,800,0,2017
Croatia,900,0,2017
Croatia,1500,0,2017
Croatia,1800,0,2017
Croatia,2100,0,2017
Croatia,2300,0,2017
Croatia,2600,0,2017
Croatia,3400,0,2017
Croatia,3600,0,2017
Cyprus,700,0,2017
Cyprus,800,0,2017
Cyprus,900,0,2017
Cyprus,1500,0,2017
Cyprus,1800,0,2017
Cyprus,2100,0,2017
Cyprus,2300,0,2017
Cyprus,2600,0,2017
Cyprus,3400,0,2017
Cyprus,3600,0,2017
Czech Republic,700,0,2017
Czech Republic,800,0,2017
Czech Republic,900,0,2017
Czech Republic,1500,0,2017
Czech Republic,1800,0,2017
Czech Republic,2100,0,2017
Czech Republic,2300,0,2017
Czech Republic,2600,0,2017
Czech Republic,3400,0,2017
Czech Republic,3600,0,2017
Denmark,700,0,2017
Denmark,800,0,2017
Denmark,900,0,2017
Denmark,1500,0,2017
Denmark,1800,0,2017
Denmark,2100,0,2017
Denmark,2300,0,2017
Denmark,2600,0,2017
Denmark,3400,0,2017
Denmark,3600,0,2017
Dominican Republic,700,0,2017
Dominican Republic,800,0,2017
Dominican Republic,900,0,2017
Dominican Republic,1500,0,2017
Dominican Republic,1800,0,2017
Dominican Republic,2100,0,2017
Dominican Republic,2300,0,2017
Dominican Republic,2600,0,2017
Dominican Republic,3400,0,2017
Dominican Republic,3600,0,2017
Ecuador,700,0,2017
Ecuador,800,0,2017
Ecuador,900,0,2017
Ecuador,1500,0,2017
Ecuador,1800,0,2017
Ecuador,2100,0,2017
Ecuador,2300,0,2017
Ecuador,2600,0,2017
Ecuador,3400,0,2017
Ecuador,3600,0,2017
Estonia,700,0,2017
Estonia,800,0,2017
Estonia,900,0,2017
Estonia,1500,0,2017
Estonia,1800,0,2017
Estonia,2100,0,2017
Estonia,2300,0,2017
Estonia,2600,0,2017
Estonia,3400,0,2017
Estonia,3600,0,2017
Fiji,700,0,2017
Fiji,800,0,2017
Fiji,900,0,2017
Fiji,1500,0,2017
Fiji,1800,0,2017
Fiji,2100,0,2017
Fiji,2300,0,2017
Fiji,2600,0,2017
Fiji,3400,0,2017
Fiji,3600,0,2017
Finland,700,0,2017
Finland,800,0,2017
Finland,900,0,2017
Finland,1500,0,2017
Finland,1800,0,2017
Finland,2100,0,2017
Finland,2300,0,2017
Finland,2600,0,2017
Finland,3400,0,2017
Finland,3600,0,2017
France,700,0,2017
France,800,0,2017
France,900,0,2017
France,1500,0,2017
France,1800,0,2017
France,2100,0,2017
France,2300,0,2017
France,2600,0,2017
France,3400,0,2017
France,3600,0,2017
Georgia,700,0,2017
Georgia,800,0,2017
Georgia,900,0,2017
Georgia,1500,0,2017
Georgia,1800,0,2017
Georgia,2100,0,2017
Georgia,2300,0,2017
Georgia,2600,0,2017
Georgia,3400,0,2017
Georgia,3600,0,2017
Germany,700,0,2017
Germany,800,0,2017
Germany,900,0,2017
Germany,1500,0,2017
Germany,1800,0,2017
Germany,2100,0,2017
Germany,2300,0,2017
Germany,2600,0,2017
Germany,3400,0,2017
Germany,3600,0,2017
Greece,700,0,2017
Greece,800,0,2017
Greece,900,0,2017
Greece,1500,0,2017
Greece,1800,0,2017
Greece,2100,0,2017
Greece,2300,0,2017
Greece,2600,0,2017
Greece,3400,0,2017
Greece,3600,0,2017
Honduras,700,0,2017
Honduras,800,0,2017
Honduras,900,0,2017
Honduras,1500,0,2017
Honduras,1800,0,2017
Honduras,2100,0,2017
Honduras,2300,0,2017
Honduras,2600,0,2017
Honduras,3400,0,2017
Honduras,3600,0,2017
Hong Kong China,700,0,2017
Hong Kong China,800,0,2017
Hong Kong China,900,0,2017
Hong Kong China,1500,0,2017
Hong Kong China,1800,0,2017
Hong Kong China,2100,0,2017
Hong Kong China,2300,0,2017
Hong Kong China,2600,0,2017
Hong Kong China,3400,0,2017
Hong Kong China,3600,0,2017
Hungary,700,0,2017
Hungary,800,0,2017
Hungary,900,0,2017
Hungary,1500,0,2017
Hungary,1800,0,2017
Hungary,2100,0,2017
Hungary,2300,0,2017
Hungary,2600,0,2017
Hungary,3400,0,2017
Hungary,3600,0,2017
Ireland,700,0,2017
Ireland,800,0,2017
Ireland,900,0,2017
Ireland,1500,0,2017
Ireland,1800,0,2017
Ireland,2100,0,2017
Ireland,2300,0,2017
Ireland,2600,0,2017
Ireland,3400,0,2017
Ireland,3600,0,2017
Israel,700,0,2017
Israel,800,0,2017
Israel,900,0,2017
Israel,1500,0,2017
Israel,1800,0,2017
Israel,2100,0,2017
Israel,2300,0,2017
Israel,2600,0,2017
Israel,3400,0,2017
Israel,3600,0,2017
Italy,700,0,2017
Italy,800,0,2017
Italy,900,0,2017
Italy,1500,0,2017
Italy,1800,0,2017
Italy,2100,0,2017
Italy,2300,0,2017
Italy,2600,0,2017
Italy,3400,0,2017
Italy,3600,0,2017
Jordan,700,0,2017
Jordan,800,0,2017
Jordan,900,0,2017
Jordan,1500,0,2017
Jordan,1800,0,2017
Jordan,2100,0,2017
Jordan,2300,0,2017
Jordan,2600,0,2017
Jordan,3400,0,2017
Jordan,3600,0,2017
Korea Rep.,700,0,2017
Korea Rep.,800,0,2017
Korea Rep.,900,0,2017
Korea Rep.,1500,0,2017
Korea Rep.,1800,0,2017
Korea Rep.,2100,0,2017
Korea Rep.,2300,0,2017
Korea Rep.,2600,0,2017
Korea Rep.,3400,0,2017
Korea Rep.,3600,0,2017
Kyrgyz Republic,700,0,2017
Kyrgyz Republic,800,0,2017
Kyrgyz Republic,900,0,2017
Kyrgyz Republic,1500,0,2017
Kyrgyz Republic,1800,0.165099927,2017
Kyrgyz Republic,2100,0,2017
Kyrgyz Republic,2300,0,2017
Kyrgyz Republic,2600,0,2017
Kyrgyz Republic,3400,0,2017
Kyrgyz Republic,3600,0,2017
Latvia,700,0,2017
Latvia,800,0,2017
Latvia,900,0,2017
Latvia,1500,0,2017
Latvia,1800,0,2017
Latvia,2100,0,2017
Latvia,2300,0,2017
Latvia,2600,0,2017
Latvia,3400,0,2017
Latvia,3600,0,2017
Lithuania,700,0,2017
Lithuania,800,0,2017
Lithuania,900,0,2017
Lithuania,1500,0,2017
Lithuania,1800,0,2017
Lithuania,2100,0,2017
Lithuania,2300,0,2017
Lithuania,2600,0,2017
Lithuania,3400,0,2017
Lithuania,3600,0,2017
Macedonia FYR,700,0,2017
Macedonia FYR,800,0,2017
Macedonia FYR,900,0,2017
Macedonia FYR,1500,0,2017
Macedonia FYR,1800,0,2017
Macedonia FYR,2100,0,2017
Macedonia FYR,2300,0,2017
Macedonia FYR,2600,0,2017
Macedonia FYR,3400,0,2017
Macedonia FYR,3600,0,2017
Malaysia,700,0,2017
Malaysia,800,0,2017
Malaysia,900,0,2017
Malaysia,1500,0,2017
Malaysia,1800,0,2017
Malaysia,2100,0,2017
Malaysia,2300,0,2017
Malaysia,2600,0,2017
Malaysia,3400,0,2017
Malaysia,3600,0,2017
Malta,700,0,2017
Malta,800,0,2017
Malta,900,0,2017
Malta,1500,0,2017
Malta,1800,0,2017
Malta,2100,0,2017
Malta,2300,0,2017
Malta,2600,0,2017
Malta,3400,0,2017
Malta,3600,0,2017
Moldova,700,0,2017
Moldova,800,0,2017
Moldova,900,0,2017
Moldova,1500,0,2017
Moldova,1800,0,2017
Moldova,2100,0,2017
Moldova,2300,0,2017
Moldova,2600,0,2017
Moldova,3400,0,2017
Moldova,3600,0,2017
Morocco,700,0,2017
Morocco,800,0,2017
Morocco,900,0,2017
Morocco,1500,0,2017
Morocco,1800,0,2017
Morocco,2100,0,2017
Morocco,2300,0,2017
Morocco,2600,0,2017
Morocco,3400,0,2017
Morocco,3600,0,2017
Mozambique,700,0,2017
Mozambique,800,0,2017
Mozambique,900,0,2017
Mozambique,1500,0,2017
Mozambique,1800,0,2017
Mozambique,2100,0,2017
Mozambique,2300,0,2017
Mozambique,2600,0,2017
Mozambique,3400,0,2017
Mozambique,3600,0,2017
Netherlands,700,0,2017
Netherlands,800,0,2017
Netherlands,900,0,2017
Netherlands,1500,0,2017
Netherlands,1800,0,2017
Netherlands,2100,0,2017
Netherlands,2300,0,2017
Netherlands,2600,0,2017
Netherlands,3400,0,2017
Netherlands,3600,0,2017
New Zealand,700,0,2017
New Zealand,800,0,2017
New Zealand,900,0,2017
New Zealand,1500,0,2017
New Zealand,1800,0,2017
New Zealand,2100,0,2017
New Zealand,2300,0,2017
New Zealand,2600,0,2017
New Zealand,3400,0,2017
New Zealand,3600,0,2017
Nigeria,700,0,2017
Nigeria,800,0,2017
Nigeria,900,0,2017
Nigeria,1500,0,2017
Nigeria,1800,0,2017
Nigeria,2100,0,2017
Nigeria,2300,0,2017
Nigeria,2600,0,2017
Nigeria,3400,0,2017
Nigeria,3600,0,2017
Norway,700,0,2017
Norway,800,0,2017
Norway,900,0,2017
Norway,1500,0,2017
Norway,1800,0,2017
Norway,2100,0,2017
Norway,2300,0,2017
Norway,2600,0,2017
Norway,3400,0,2017
Norway,3600,0,2017
Pakistan,700,0,2017
Pakistan,800,0,2017
Pakistan,900,0,2017
Pakistan,1500,0,2017
Pakistan,1800,0,2017
Pakistan,2100,0,2017
Pakistan,2300,0,2017
Pakistan,2600,0,2017
Pakistan,3400,0,2017
Pakistan,3600,0,2017
Peru,700,0,2017
Peru,800,0,2017
Peru,900,0,2017
Peru,1500,0,2017
Peru,1800,0,2017
Peru,2100,0,2017
Peru,2300,0,2017
Peru,2600,0,2017
Peru,3400,0,2017
Peru,3600,0,2017
Poland,700,0,2017
Poland,800,0,2017
Poland,900,0,2017
Poland,1500,0,2017
Poland,1800,0,2017
Poland,2100,0,2017
Poland,2300,0,2017
Poland,2600,0,2017
Poland,3400,0,2017
Poland,3600,0,2017
Portugal,700,0,2017
Portugal,800,0,2017
Portugal,900,0,2017
Portugal,1500,0,2017
Portugal,1800,0,2017
Portugal,2100,0,2017
Portugal,2300,0,2017
Portugal,2600,0,2017
Portugal,3400,0,2017
Portugal,3600,0,2017
Romania,700,0,2017
Romania,800,0,2017
Romania,900,0,2017
Romania,1500,0,2017
Romania,1800,0,2017
Romania,2100,0,2017
Romania,2300,0,2017
Romania,2600,0,2017
Romania,3400,0,2017
Romania,3600,0,2017
Russian Federation,700,0,2017
Russian Federation,800,0,2017
Russian Federation,900,0,2017
Russian Federation,1500,0,2017
Russian Federation,1800,0,2017
Russian Federation,2100,0,2017
Russian Federation,2300,0,2017
Russian Federation,2600,0,2017
Russian Federation,3400,0,2017
Russian Federation,3600,0,2017
Serbia,700,0,2017
Serbia,800,0,2017
Serbia,900,0,2017
Serbia,1500,0,2017
Serbia,1800,0,2017
Serbia,2100,0,2017
Serbia,2300,0,2017
Serbia,2600,0,2017
Serbia,3400,0,2017
Serbia,3600,0,2017
Singapore,700,0,2017
Singapore,800,0,2017
Singapore,900,0,2017
Singapore,1500,0,2017
Singapore,1800,0,2017
Singapore,2100,0,2017
Singapore,2300,0,2017
Singapore,2600,0,2017
Singapore,3400,0,2017
Singapore,3600,0,2017
Slovak Republic,700,0,2017
Slovak Republic,800,0,2017
Slovak Republic,900,0,2017
Slovak Republic,1500,0,2017
Slovak Republic,1800,0,2017
Slovak Republic,2100,0,2017
Slovak Republic,2300,0,2017
Slovak Republic,2600,0,2017
Slovak Republic,3400,0,2017
Slovak Republic,3600,0,2017
Slovenia,700,0,2017
Slovenia,800,0,2017
Slovenia,900,0,2017
Slovenia,1500,0,2017
Slovenia,1800,0,2017
Slovenia,2100,0,2017
Slovenia,2300,0,2017
Slovenia,2600,0,2017
Slovenia,3400,0,2017
Slovenia,3600,0,2017
Spain,700,0,2017
Spain,800,0,2017
Spain,900,0,2017
Spain,1500,0,2017
Spain,1800,0,2017
Spain,2100,0,2017
Spain,2300,0,2017
Spain,2600,0,2017
Spain,3400,0,2017
Spain,3600,0,2017
Sri Lanka,700,0,2017
Sri Lanka,800,0,2017
Sri Lanka,900,0,2017
Sri Lanka,1500,0,2017
Sri Lanka,1800,0,2017
Sri Lanka,2100,0,2017
Sri Lanka,2300,0,2017
Sri Lanka,2600,0,2017
Sri Lanka,3400,0,2017
Sri Lanka,3600,0,2017
Sweden,700,0,2017
Sweden,800,0,2017
Sweden,900,0,2017
Sweden,1500,0,2017
Sweden,1800,0,2017
Sweden,2100,0,2017
Sweden,2300,0,2017
Sweden,2600,0,2017
Sweden,3400,0,2017
Sweden,3600,0,2017
Switzerland,700,0,2017
Switzerland,800,0,2017
Switzerland,900,0,2017
Switzerland,1500,0,2017
Switzerland,1800,0,2017
Switzerland,2100,0,2017
Switzerland,2300,0,2017
Switzerland,2600,0,2017
Switzerland,3400,0,2017
Switzerland,3600,0,2017
Thailand,700,0,2017
Thailand,800,0,2017
Thailand,900,0,2017
Thailand,1500,0,2017
Thailand,1800,0,2017
Thailand,2100,0,2017
Thailand,2300,0,2017
Thailand,2600,0,2017
Thailand,3400,0,2017
Thailand,3600,0,2017
Turkey,700,0,2017
Turkey,800,0,2017
Turkey,900,0,2017
Turkey,1500,0,2017
Turkey,1800,0,2017
Turkey,2100,0,2017
Turkey,2300,0,2017
Turkey,2600,0,2017
Turkey,3400,0,2017
Turkey,3600,0,2017
Ukraine,700,0,2017
Ukraine,800,0,2017
Ukraine,900,0,2017
Ukraine,1500,0,2017
Ukraine,1800,0,2017
Ukraine,2100,0,2017
Ukraine,2300,0,2017
Ukraine,2600,0,2017
Ukraine,3400,0,2017
Ukraine,3600,0,2017
United Kingdom,700,0,2017
United Kingdom,800,0,2017
United Kingdom,900,0,2017
United Kingdom,1500,0,2017
United Kingdom,1800,0,2017
United Kingdom,2100,0,2017
United Kingdom,2300,0,2017
United Kingdom,2600,0,2017
United Kingdom,3400,0,2017
United Kingdom,3600,0,2017
Uruguay,700,0,2017
Uruguay,800,0,2017
Uruguay,900,0,2017
Uruguay,1500,0,2017
Uruguay,1800,0,2017
Uruguay,2100,0,2017
Uruguay,2300,0,2017
Uruguay,2600,0,2017
Uruguay,3400,0,2017
Uruguay,3600,0,2017
Albania,700,0,2016
Albania,800,0,2016
Albania,900,0,2016
Albania,1500,0,2016
Albania,1800,0,2016
Albania,2100,0,2016
Albania,2300,0,2016
Albania,2600,0,2016
Albania,3400,0,2016
Albania,3600,0,2016
Algeria,700,0,2016
Algeria,800,0,2016
Algeria,900,0,2016
Algeria,1500,0,2016
Algeria,1800,0,2016
Algeria,2100,0,2016
Algeria,2300,0,2016
Algeria,2600,0,2016
Algeria,3400,0,2016
Algeria,3600,0,2016
Argentina,700,0,2016
Argentina,800,0,2016
Argentina,900,0,2016
Argentina,1500,0,2016
Argentina,1800,0,2016
Argentina,2100,0,2016
Argentina,2300,0,2016
Argentina,2600,0,2016
Argentina,3400,0,2016
Argentina,3600,0,2016
Australia,700,0,2016
Australia,800,0,2016
Australia,900,0,2016
Australia,1500,0,2016
Australia,1800,0,2016
Australia,2100,0,2016
Australia,2300,0,2016
Australia,2600,0,2016
Australia,3400,0,2016
Australia,3600,0,2016
Bangladesh,700,0,2016
Bangladesh,800,0,2016
Bangladesh,900,0,2016
Bangladesh,1500,0,2016
Bangladesh,1800,0,2016
Bangladesh,2100,0,2016
Bangladesh,2300,0,2016
Bangladesh,2600,0,2016
Bangladesh,3400,0,2016
Bangladesh,3600,0,2016
Belgium,700,0,2016
Belgium,800,0,2016
Belgium,900,0,2016
Belgium,1500,0,2016
Belgium,1800,0,2016
Belgium,2100,0,2016
Belgium,2300,0,2016
Belgium,2600,0,2016
Belgium,3400,0,2016
Belgium,3600,0,2016
Brazil,700,0,2016
Brazil,800,0,2016
Brazil,900,0,2016
Brazil,1500,0,2016
Brazil,1800,0,2016
Brazil,2100,0,2016
Brazil,2300,0,2016
Brazil,2600,0,2016
Brazil,3400,0,2016
Brazil,3600,0,2016
Bulgaria,700,0,2016
Bulgaria,800,0,2016
Bulgaria,900,0,2016
Bulgaria,1500,0,2016
Bulgaria,1800,0,2016
Bulgaria,2100,0,2016
Bulgaria,2300,0,2016
Bulgaria,2600,0,2016
Bulgaria,3400,0,2016
Bulgaria,3600,0,2016
Chile,700,0,2016
Chile,800,0,2016
Chile,900,0,2016
Chile,1500,0,2016
Chile,1800,0,2016
Chile,2100,0,2016
Chile,2300,0,2016
Chile,2600,0,2016
Chile,3400,0,2016
Chile,3600,0,2016
Colombia,700,0,2016
Colombia,800,0,2016
Colombia,900,0,2016
Colombia,1500,0,2016
Colombia,1800,0,2016
Colombia,2100,0,2016
Colombia,2300,0,2016
Colombia,2600,0,2016
Colombia,3400,0,2016
Colombia,3600,0,2016
Costa Rica,700,0,2016
Costa Rica,800,0,2016
Costa Rica,900,0,2016
Costa Rica,1500,0,2016
Costa Rica,1800,0,2016
Costa Rica,2100,0,2016
Costa Rica,2300,0,2016
Costa Rica,2600,0,2016
Costa Rica,3400,0,2016
Costa Rica,3600,0,2016
Croatia,700,0,2016
Croatia,800,0,2016
Croatia,900,0,2016
Croatia,1500,0,2016
Croatia,1800,0,2016
Croatia,2100,0,2016
Croatia,2300,0,2016
Croatia,2600,0,2016
Croatia,3400,0,2016
Croatia,3600,0,2016
Cyprus,700,0,2016
Cyprus,800,0.112007794,2016
Cyprus,900,0,2016
Cyprus,1500,0,2016
Cyprus,1800,0,2016
Cyprus,2100,0,2016
Cyprus,2300,0,2016
Cyprus,2600,0,2016
Cyprus,3400,0,2016
Cyprus,3600,0,2016
Czech Republic,700,0,2016
Czech Republic,800,0,2016
Czech Republic,900,0,2016
Czech Republic,1500,0,2016
Czech Republic,1800,0.319403004,2016
Czech Republic,2100,0,2016
Czech Republic,2300,0,2016
Czech Republic,2600,0.145162161,2016
Czech Republic,3400,0,2016
Czech Republic,3600,0,2016
Denmark,700,0,2016
Denmark,800,0,2016
Denmark,900,0,2016
Denmark,1500,0,2016
Denmark,1800,0.206677002,2016
Denmark,2100,0,2016
Denmark,2300,0,2016
Denmark,2600,0,2016
Denmark,3400,0,2016
Denmark,3600,0,2016
Dominican Republic,700,0,2016
Dominican Republic,800,0,2016
Dominican Republic,900,0,2016
Dominican Republic,1500,0,2016
Dominican Republic,1800,0,2016
Dominican Republic,2100,0,2016
Dominican Republic,2300,0,2016
Dominican Republic,2600,0,2016
Dominican Republic,3400,0,2016
Dominican Republic,3600,0,2016
Ecuador,700,0,2016
Ecuador,800,0,2016
Ecuador,900,0,2016
Ecuador,1500,0,2016
Ecuador,1800,0,2016
Ecuador,2100,0,2016
Ecuador,2300,0,2016
Ecuador,2600,0,2016
Ecuador,3400,0,2016
Ecuador,3600,0,2016
Estonia,700,0,2016
Estonia,800,0,2016
Estonia,900,0,2016
Estonia,1500,0,2016
Estonia,1800,0,2016
Estonia,2100,0,2016
Estonia,2300,0,2016
Estonia,2600,0,2016
Estonia,3400,0,2016
Estonia,3600,0,2016
Fiji,700,0,2016
Fiji,800,0,2016
Fiji,900,0,2016
Fiji,1500,0,2016
Fiji,1800,0,2016
Fiji,2100,0,2016
Fiji,2300,0,2016
Fiji,2600,0,2016
Fiji,3400,0,2016
Fiji,3600,0,2016
Finland,700,0.227653346,2016
Finland,800,0,2016
Finland,900,0,2016
Finland,1500,0,2016
Finland,1800,0,2016
Finland,2100,0,2016
Finland,2300,0,2016
Finland,2600,0,2016
Finland,3400,0,2016
Finland,3600,0,2016
France,700,0,2016
France,800,0,2016
France,900,0,2016
France,1500,0,2016
France,1800,0,2016
France,2100,0,2016
France,2300,0,2016
France,2600,0,2016
France,3400,0,2016
France,3600,0,2016
Georgia,700,0,2016
Georgia,800,0,2016
Georgia,900,0,2016
Georgia,1500,0,2016
Georgia,1800,0,2016
Georgia,2100,0,2016
Georgia,2300,0,2016
Georgia,2600,0,2016
Georgia,3400,0,2016
Georgia,3600,0,2016
Germany,700,0,2016
Germany,800,0,2016
Germany,900,0,2016
Germany,1500,0,2016
Germany,1800,0,2016
Germany,2100,0,2016
Germany,2300,0,2016
Germany,2600,0,2016
Germany,3400,0,2016
Germany,3600,0,2016
Greece,700,0,2016
Greece,800,0,2016
Greece,900,0,2016
Greece,1500,0,2016
Greece,1800,0,2016
Greece,2100,0,2016
Greece,2300,0,2016
Greece,2600,0,2016
Greece,3400,0,2016
Greece,3600,0,2016
Honduras,700,0,2016
Honduras,800,0,2016
Honduras,900,0,2016
Honduras,1500,0,2016
Honduras,1800,0,2016
Honduras,2100,0,2016
Honduras,2300,0,2016
Honduras,2600,0,2016
Honduras,3400,0,2016
Honduras,3600,0,2016
Hong Kong China,700,0,2016
Hong Kong China,800,0,2016
Hong Kong China,900,0,2016
Hong Kong China,1500,0,2016
Hong Kong China,1800,0,2016
Hong Kong China,2100,0,2016
Hong Kong China,2300,0,2016
Hong Kong China,2600,0,2016
Hong Kong China,3400,0,2016
Hong Kong China,3600,0,2016
Hungary,700,0,2016
Hungary,800,0,2016
Hungary,900,0,2016
Hungary,1500,0,2016
Hungary,1800,0,2016
Hungary,2100,0,2016
Hungary,2300,0,2016
Hungary,2600,0,2016
Hungary,3400,0.008080096,2016
Hungary,3600,0.009268566,2016
Ireland,700,0,2016
Ireland,800,0,2016
Ireland,900,0,2016
Ireland,1500,0,2016
Ireland,1800,0,2016
Ireland,2100,0,2016
Ireland,2300,0,2016
Ireland,2600,0,2016
Ireland,3400,0,2016
Ireland,3600,0,2016
Israel,700,0,2016
Israel,800,0,2016
Israel,900,0,2016
Israel,1500,0,2016
Israel,1800,0,2016
Israel,2100,0,2016
Israel,2300,0,2016
Israel,2600,0,2016
Israel,3400,0,2016
Israel,3600,0,2016
Italy,700,0,2016
Italy,800,0,2016
Italy,900,0,2016
Italy,1500,0,2016
Italy,1800,0,2016
Italy,2100,0,2016
Italy,2300,0,2016
Italy,2600,0,2016
Italy,3400,0,2016
Italy,3600,0,2016
Jordan,700,0,2016
Jordan,800,0,2016
Jordan,900,0,2016
Jordan,1500,0,2016
Jordan,1800,0,2016
Jordan,2100,0,2016
Jordan,2300,0,2016
Jordan,2600,0,2016
Jordan,3400,0,2016
Jordan,3600,0,2016
Korea Rep.,700,0,2016
Korea Rep.,800,0,2016
Korea Rep.,900,0,2016
Korea Rep.,1500,0,2016
Korea Rep.,1800,0.524936679,2016
Korea Rep.,2100,0.444624859,2016
Korea Rep.,2300,0.552871225,2016
Korea Rep.,2600,0,2016
Korea Rep.,3400,0,2016
Korea Rep.,3600,0,2016
Kyrgyz Republic,700,0,2016
Kyrgyz Republic,800,0,2016
Kyrgyz Republic,900,0,2016
Kyrgyz Republic,1500,0,2016
Kyrgyz Republic,1800,0.165099927,2016
Kyrgyz Republic,2100,0,2016
Kyrgyz Republic,2300,0,2016
Kyrgyz Republic,2600,0,2016
Kyrgyz Republic,3400,0,2016
Kyrgyz Republic,3600,0,2016
Latvia,700,0,2016
Latvia,800,0,2016
Latvia,900,0,2016
Latvia,1500,0,2016
Latvia,1800,0,2016
Latvia,2100,0,2016
Latvia,2300,0,2016
Latvia,2600,0,2016
Latvia,3400,0,2016
Latvia,3600,0,2016
Lithuania,700,0,2016
Lithuania,800,0,2016
Lithuania,900,0.150019196,2016
Lithuania,1500,0,2016
Lithuania,1800,0,2016
Lithuania,2100,0,2016
Lithuania,2300,0,2016
Lithuania,2600,0,2016
Lithuania,3400,0,2016
Lithuania,3600,0,2016
Macedonia FYR,700,0,2016
Macedonia FYR,800,0,2016
Macedonia FYR,900,0,2016
Macedonia FYR,1500,0,2016
Macedonia FYR,1800,0,2016
Macedonia FYR,2100,0,2016
Macedonia FYR,2300,0,2016
Macedonia FYR,2600,0,2016
Macedonia FYR,3400,0,2016
Macedonia FYR,3600,0,2016
Malaysia,700,0,2016
Malaysia,800,0,2016
Malaysia,900,0,2016
Malaysia,1500,0,2016
Malaysia,1800,0,2016
Malaysia,2100,0,2016
Malaysia,2300,0,2016
Malaysia,2600,0,2016
Malaysia,3400,0,2016
Malaysia,3600,0,2016
Malta,700,0,2016
Malta,800,0,2016
Malta,900,0,2016
Malta,1500,0,2016
Malta,1800,0,2016
Malta,2100,0,2016
Malta,2300,0,2016
Malta,2600,0,2016
Malta,3400,0,2016
Malta,3600,0,2016
Moldova,700,0,2016
Moldova,800,0,2016
Moldova,900,0,2016
Moldova,1500,0,2016
Moldova,1800,0,2016
Moldova,2100,0,2016
Moldova,2300,0,2016
Moldova,2600,0,2016
Moldova,3400,0,2016
Moldova,3600,0,2016
Morocco,700,0,2016
Morocco,800,0,2016
Morocco,900,0,2016
Morocco,1500,0,2016
Morocco,1800,0,2016
Morocco,2100,0,2016
Morocco,2300,0,2016
Morocco,2600,0,2016
Morocco,3400,0,2016
Morocco,3600,0,2016
Mozambique,700,0,2016
Mozambique,800,0,2016
Mozambique,900,0,2016
Mozambique,1500,0,2016
Mozambique,1800,0,2016
Mozambique,2100,0,2016
Mozambique,2300,0,2016
Mozambique,2600,0,2016
Mozambique,3400,0,2016
Mozambique,3600,0,2016
Netherlands,700,0,2016
Netherlands,800,0,2016
Netherlands,900,0,2016
Netherlands,1500,0,2016
Netherlands,1800,0,2016
Netherlands,2100,0,2016
Netherlands,2300,0,2016
Netherlands,2600,0,2016
Netherlands,3400,0,2016
Netherlands,3600,0,2016
New Zealand,700,0,2016
New Zealand,800,0,2016
New Zealand,900,0,2016
New Zealand,1500,0,2016
New Zealand,1800,0,2016
New Zealand,2100,0,2016
New Zealand,2300,0,2016
New Zealand,2600,0,2016
New Zealand,3400,0,2016
New Zealand,3600,0,2016
Nigeria,700,0,2016
Nigeria,800,0,2016
Nigeria,900,0,2016
Nigeria,1500,0,2016
Nigeria,1800,0,2016
Nigeria,2100,0,2016
Nigeria,2300,0,2016
Nigeria,2600,0.0000937,2016
Nigeria,3400,0,2016
Nigeria,3600,0,2016
Norway,700,0,2016
Norway,800,0,2016
Norway,900,0,2016
Norway,1500,0,2016
Norway,1800,0.564484366,2016
Norway,2100,0,2016
Norway,2300,0,2016
Norway,2600,0,2016
Norway,3400,0,2016
Norway,3600,0,2016
Pakistan,700,0,2016
Pakistan,800,0,2016
Pakistan,900,0,2016
Pakistan,1500,0,2016
Pakistan,1800,0,2016
Pakistan,2100,0,2016
Pakistan,2300,0,2016
Pakistan,2600,0,2016
Pakistan,3400,0,2016
Pakistan,3600,0,2016
Peru,700,0,2016
Peru,800,0,2016
Peru,900,0,2016
Peru,1500,0,2016
Peru,1800,0,2016
Peru,2100,0,2016
Peru,2300,0,2016
Peru,2600,0,2016
Peru,3400,0,2016
Peru,3600,0,2016
Poland,700,0,2016
Poland,800,0,2016
Poland,900,0,2016
Poland,1500,0,2016
Poland,1800,0,2016
Poland,2100,0,2016
Poland,2300,0,2016
Poland,2600,0,2016
Poland,3400,0,2016
Poland,3600,0,2016
Portugal,700,0,2016
Portugal,800,0,2016
Portugal,900,0,2016
Portugal,1500,0,2016
Portugal,1800,0,2016
Portugal,2100,0,2016
Portugal,2300,0,2016
Portugal,2600,0,2016
Portugal,3400,0,2016
Portugal,3600,0,2016
Romania,700,0,2016
Romania,800,0,2016
Romania,900,0,2016
Romania,1500,0,2016
Romania,1800,0,2016
Romania,2100,0,2016
Romania,2300,0,2016
Romania,2600,0,2016
Romania,3400,0,2016
Romania,3600,0,2016
Russian Federation,700,0,2016
Russian Federation,800,0,2016
Russian Federation,900,0,2016
Russian Federation,1500,0,2016
Russian Federation,1800,0,2016
Russian Federation,2100,0,2016
Russian Federation,2300,0,2016
Russian Federation,2600,0.047470828,2016
Russian Federation,3400,0,2016
Russian Federation,3600,0,2016
Serbia,700,0,2016
Serbia,800,0,2016
Serbia,900,0,2016
Serbia,1500,0,2016
Serbia,1800,0,2016
Serbia,2100,0,2016
Serbia,2300,0,2016
Serbia,2600,0,2016
Serbia,3400,0,2016
Serbia,3600,0,2016
Singapore,700,0,2016
Singapore,800,0,2016
Singapore,900,0,2016
Singapore,1500,0,2016
Singapore,1800,0,2016
Singapore,2100,0,2016
Singapore,2300,0,2016
Singapore,2600,0,2016
Singapore,3400,0,2016
Singapore,3600,0,2016
Slovak Republic,700,0,2016
Slovak Republic,800,0,2016
Slovak Republic,900,0,2016
Slovak Republic,1500,0,2016
Slovak Republic,1800,0,2016
Slovak Republic,2100,0,2016
Slovak Republic,2300,0,2016
Slovak Republic,2600,0,2016
Slovak Republic,3400,0,2016
Slovak Republic,3600,0,2016
Slovenia,700,0,2016
Slovenia,800,0,2016
Slovenia,900,0,2016
Slovenia,1500,0,2016
Slovenia,1800,0,2016
Slovenia,2100,0,2016
Slovenia,2300,0,2016
Slovenia,2600,0,2016
Slovenia,3400,0,2016
Slovenia,3600,0,2016
Spain,700,0,2016
Spain,800,0,2016
Spain,900,0,2016
Spain,1500,0,2016
Spain,1800,0,2016
Spain,2100,0,2016
Spain,2300,0,2016
Spain,2600,0,2016
Spain,3400,0,2016
Spain,3600,0,2016
Sri Lanka,700,0,2016
Sri Lanka,800,0,2016
Sri Lanka,900,0,2016
Sri Lanka,1500,0,2016
Sri Lanka,1800,0,2016
Sri Lanka,2100,0,2016
Sri Lanka,2300,0,2016
Sri Lanka,2600,0,2016
Sri Lanka,3400,0,2016
Sri Lanka,3600,0,2016
Sweden,700,0,2016
Sweden,800,0,2016
Sweden,900,0,2016
Sweden,1500,0,2016
Sweden,1800,0,2016
Sweden,2100,0,2016
Sweden,2300,0,2016
Sweden,2600,0,2016
Sweden,3400,0,2016
Sweden,3600,0,2016
Switzerland,700,0,2016
Switzerland,800,0,2016
Switzerland,900,0,2016
Switzerland,1500,0,2016
Switzerland,1800,0,2016
Switzerland,2100,0,2016
Switzerland,2300,0,2016
Switzerland,2600,0,2016
Switzerland,3400,0,2016
Switzerland,3600,0,2016
Thailand,700,0,2016
Thailand,800,0,2016
Thailand,900,0,2016
Thailand,1500,0,2016
Thailand,1800,0,2016
Thailand,2100,0,2016
Thailand,2300,0,2016
Thailand,2600,0,2016
Thailand,3400,0,2016
Thailand,3600,0,2016
Turkey,700,0,2016
Turkey,800,0,2016
Turkey,900,0,2016
Turkey,1500,0,2016
Turkey,1800,0,2016
Turkey,2100,0,2016
Turkey,2300,0,2016
Turkey,2600,0,2016
Turkey,3400,0,2016
Turkey,3600,0,2016
Ukraine,700,0,2016
Ukraine,800,0,2016
Ukraine,900,0,2016
Ukraine,1500,0,2016
Ukraine,1800,0,2016
Ukraine,2100,0,2016
Ukraine,2300,0,2016
Ukraine,2600,0,2016
Ukraine,3400,0,2016
Ukraine,3600,0,2016
United Kingdom,700,0,2016
United Kingdom,800,0,2016
United Kingdom,900,0,2016
United Kingdom,1500,0,2016
United Kingdom,1800,0,2016
United Kingdom,2100,0,2016
United Kingdom,2300,0,2016
United Kingdom,2600,0,2016
United Kingdom,3400,0,2016
United Kingdom,3600,0,2016
Uruguay,700,0,2016
Uruguay,800,0,2016
Uruguay,900,0,2016
Uruguay,1500,0,2016
Uruguay,1800,0,2016
Uruguay,2100,0,2016
Uruguay,2300,0,2016
Uruguay,2600,0,2016
Uruguay,3400,0,2016
Uruguay,3600,0,2016
Albania,700,0,2015
Albania,800,0,2015
Albania,900,0,2015
Albania,1500,0,2015
Albania,1800,0.397396451,2015
Albania,2100,0,2015
Albania,2300,0,2015
Albania,2600,0,2015
Albania,3400,0,2015
Albania,3600,0,2015
Algeria,700,0,2015
Algeria,800,0,2015
Algeria,900,0,2015
Algeria,1500,0,2015
Algeria,1800,0,2015
Algeria,2100,0,2015
Algeria,2300,0,2015
Algeria,2600,0,2015
Algeria,3400,0,2015
Algeria,3600,0,2015
Argentina,700,0,2015
Argentina,800,0,2015
Argentina,900,0,2015
Argentina,1500,0,2015
Argentina,1800,0,2015
Argentina,2100,0,2015
Argentina,2300,0,2015
Argentina,2600,0,2015
Argentina,3400,0,2015
Argentina,3600,0,2015
Australia,700,0,2015
Australia,800,0,2015
Australia,900,0,2015
Australia,1500,0,2015
Australia,1800,0,2015
Australia,2100,0,2015
Australia,2300,0,2015
Australia,2600,0,2015
Australia,3400,0,2015
Australia,3600,0,2015
Bangladesh,700,0,2015
Bangladesh,800,0,2015
Bangladesh,900,0,2015
Bangladesh,1500,0,2015
Bangladesh,1800,0,2015
Bangladesh,2100,0,2015
Bangladesh,2300,0,2015
Bangladesh,2600,0,2015
Bangladesh,3400,0,2015
Bangladesh,3600,0,2015
Belgium,700,0,2015
Belgium,800,0,2015
Belgium,900,0,2015
Belgium,1500,0,2015
Belgium,1800,0,2015
Belgium,2100,0,2015
Belgium,2300,0,2015
Belgium,2600,0,2015
Belgium,3400,0,2015
Belgium,3600,0,2015
Brazil,700,0,2015
Brazil,800,0,2015
Brazil,900,0,2015
Brazil,1500,0,2015
Brazil,1800,0,2015
Brazil,2100,0,2015
Brazil,2300,0,2015
Brazil,2600,0,2015
Brazil,3400,0,2015
Brazil,3600,0,2015
Bulgaria,700,0,2015
Bulgaria,800,0,2015
Bulgaria,900,0,2015
Bulgaria,1500,0,2015
Bulgaria,1800,0,2015
Bulgaria,2100,0,2015
Bulgaria,2300,0,2015
Bulgaria,2600,0,2015
Bulgaria,3400,0,2015
Bulgaria,3600,0,2015
Chile,700,0,2015
Chile,800,0,2015
Chile,900,0,2015
Chile,1500,0,2015
Chile,1800,0,2015
Chile,2100,0,2015
Chile,2300,0,2015
Chile,2600,0,2015
Chile,3400,0,2015
Chile,3600,0,2015
Colombia,700,0,2015
Colombia,800,0,2015
Colombia,900,0,2015
Colombia,1500,0,2015
Colombia,1800,0,2015
Colombia,2100,0,2015
Colombia,2300,0,2015
Colombia,2600,0,2015
Colombia,3400,0,2015
Colombia,3600,0,2015
Costa Rica,700,0,2015
Costa Rica,800,0,2015
Costa Rica,900,0,2015
Costa Rica,1500,0,2015
Costa Rica,1800,0,2015
Costa Rica,2100,0,2015
Costa Rica,2300,0,2015
Costa Rica,2600,0,2015
Costa Rica,3400,0,2015
Costa Rica,3600,0,2015
Croatia,700,0,2015
Croatia,800,0,2015
Croatia,900,0,2015
Croatia,1500,0,2015
Croatia,1800,0.566710526,2015
Croatia,2100,0,2015
Croatia,2300,0,2015
Croatia,2600,0,2015
Croatia,3400,0,2015
Croatia,3600,0,2015
Cyprus,700,0,2015
Cyprus,800,0,2015
Cyprus,900,0,2015
Cyprus,1500,0,2015
Cyprus,1800,0,2015
Cyprus,2100,0,2015
Cyprus,2300,0,2015
Cyprus,2600,0,2015
Cyprus,3400,0,2015
Cyprus,3600,0,2015
Czech Republic,700,0,2015
Czech Republic,800,0,2015
Czech Republic,900,0,2015
Czech Republic,1500,0,2015
Czech Republic,1800,0,2015
Czech Republic,2100,0,2015
Czech Republic,2300,0,2015
Czech Republic,2600,0,2015
Czech Republic,3400,0,2015
Czech Republic,3600,0,2015
Denmark,700,0,2015
Denmark,800,0,2015
Denmark,900,0,2015
Denmark,1500,0,2015
Denmark,1800,0,2015
Denmark,2100,0,2015
Denmark,2300,0,2015
Denmark,2600,0,2015
Denmark,3400,0,2015
Denmark,3600,0,2015
Dominican Republic,700,0,2015
Dominican Republic,800,0,2015
Dominican Republic,900,0,2015
Dominican Republic,1500,0,2015
Dominican Republic,1800,0,2015
Dominican Republic,2100,0,2015
Dominican Republic,2300,0,2015
Dominican Republic,2600,0,2015
Dominican Republic,3400,0,2015
Dominican Republic,3600,0,2015
Ecuador,700,0,2015
Ecuador,800,0,2015
Ecuador,900,0,2015
Ecuador,1500,0,2015
Ecuador,1800,0,2015
Ecuador,2100,0,2015
Ecuador,2300,0,2015
Ecuador,2600,0,2015
Ecuador,3400,0,2015
Ecuador,3600,0,2015
Estonia,700,0,2015
Estonia,800,0,2015
Estonia,900,0,2015
Estonia,1500,0,2015
Estonia,1800,0,2015
Estonia,2100,0,2015
Estonia,2300,0,2015
Estonia,2600,0,2015
Estonia,3400,0,2015
Estonia,3600,0,2015
Fiji,700,0,2015
Fiji,800,0,2015
Fiji,900,0,2015
Fiji,1500,0,2015
Fiji,1800,0,2015
Fiji,2100,0,2015
Fiji,2300,0,2015
Fiji,2600,0,2015
Fiji,3400,0,2015
Fiji,3600,0,2015
Finland,700,0,2015
Finland,800,0,2015
Finland,900,0,2015
Finland,1500,0,2015
Finland,1800,0,2015
Finland,2100,0,2015
Finland,2300,0,2015
Finland,2600,0,2015
Finland,3400,0,2015
Finland,3600,0,2015
France,700,0.912627771,2015
France,800,0,2015
France,900,0,2015
France,1500,0,2015
France,1800,0,2015
France,2100,0,2015
France,2300,0,2015
France,2600,0,2015
France,3400,0,2015
France,3600,0,2015
Georgia,700,0,2015
Georgia,800,0,2015
Georgia,900,0,2015
Georgia,1500,0,2015
Georgia,1800,0,2015
Georgia,2100,0,2015
Georgia,2300,0,2015
Georgia,2600,0,2015
Georgia,3400,0,2015
Georgia,3600,0,2015
Germany,700,0.271929635,2015
Germany,800,0,2015
Germany,900,0.335548708,2015
Germany,1500,0.136128784,2015
Germany,1800,0.409119846,2015
Germany,2100,0,2015
Germany,2300,0,2015
Germany,2600,0,2015
Germany,3400,0,2015
Germany,3600,0,2015
Greece,700,0,2015
Greece,800,0,2015
Greece,900,0,2015
Greece,1500,0,2015
Greece,1800,0,2015
Greece,2100,0,2015
Greece,2300,0,2015
Greece,2600,0,2015
Greece,3400,0,2015
Greece,3600,0,2015
Honduras,700,0,2015
Honduras,800,0,2015
Honduras,900,0,2015
Honduras,1500,0,2015
Honduras,1800,0,2015
Honduras,2100,0,2015
Honduras,2300,0,2015
Honduras,2600,0,2015
Honduras,3400,0,2015
Honduras,3600,0,2015
Hong Kong China,700,0,2015
Hong Kong China,800,0,2015
Hong Kong China,900,0,2015
Hong Kong China,1500,0,2015
Hong Kong China,1800,0,2015
Hong Kong China,2100,0,2015
Hong Kong China,2300,0,2015
Hong Kong China,2600,0,2015
Hong Kong China,3400,0,2015
Hong Kong China,3600,0,2015
Hungary,700,0,2015
Hungary,800,0,2015
Hungary,900,0,2015
Hungary,1500,0,2015
Hungary,1800,0,2015
Hungary,2100,0,2015
Hungary,2300,0,2015
Hungary,2600,0,2015
Hungary,3400,0,2015
Hungary,3600,0,2015
Ireland,700,0,2015
Ireland,800,0,2015
Ireland,900,0,2015
Ireland,1500,0,2015
Ireland,1800,0,2015
Ireland,2100,0,2015
Ireland,2300,0,2015
Ireland,2600,0,2015
Ireland,3400,0,2015
Ireland,3600,0,2015
Israel,700,0,2015
Israel,800,0,2015
Israel,900,0,2015
Israel,1500,0,2015
Israel,1800,0.228215574,2015
Israel,2100,0,2015
Israel,2300,0,2015
Israel,2600,0,2015
Israel,3400,0,2015
Israel,3600,0,2015
Italy,700,0,2015
Italy,800,0,2015
Italy,900,0,2015
Italy,1500,0.252492466,2015
Italy,1800,0,2015
Italy,2100,0,2015
Italy,2300,0,2015
Italy,2600,0,2015
Italy,3400,0,2015
Italy,3600,0,2015
Jordan,700,0,2015
Jordan,800,0,2015
Jordan,900,0,2015
Jordan,1500,0,2015
Jordan,1800,5.117231408,2015
Jordan,2100,0,2015
Jordan,2300,0,2015
Jordan,2600,0,2015
Jordan,3400,0,2015
Jordan,3600,0,2015
Korea Rep.,700,0,2015
Korea Rep.,800,0,2015
Korea Rep.,900,0,2015
Korea Rep.,1500,0,2015
Korea Rep.,1800,0,2015
Korea Rep.,2100,0,2015
Korea Rep.,2300,0,2015
Korea Rep.,2600,0,2015
Korea Rep.,3400,0,2015
Korea Rep.,3600,0,2015
Kyrgyz Republic,700,0,2015
Kyrgyz Republic,800,0,2015
Kyrgyz Republic,900,0,2015
Kyrgyz Republic,1500,0,2015
Kyrgyz Republic,1800,0,2015
Kyrgyz Republic,2100,0,2015
Kyrgyz Republic,2300,0,2015
Kyrgyz Republic,2600,0,2015
Kyrgyz Republic,3400,0,2015
Kyrgyz Republic,3600,0,2015
Latvia,700,0,2015
Latvia,800,0,2015
Latvia,900,0,2015
Latvia,1500,0,2015
Latvia,1800,0,2015
Latvia,2100,0,2015
Latvia,2300,0,2015
Latvia,2600,0,2015
Latvia,3400,0,2015
Latvia,3600,0,2015
Lithuania,700,0,2015
Lithuania,800,0,2015
Lithuania,900,0,2015
Lithuania,1500,0,2015
Lithuania,1800,0,2015
Lithuania,2100,0,2015
Lithuania,2300,0,2015
Lithuania,2600,0,2015
Lithuania,3400,0,2015
Lithuania,3600,0,2015
Macedonia FYR,700,0,2015
Macedonia FYR,800,0,2015
Macedonia FYR,900,0,2015
Macedonia FYR,1500,0,2015
Macedonia FYR,1800,0,2015
Macedonia FYR,2100,0,2015
Macedonia FYR,2300,0,2015
Macedonia FYR,2600,0,2015
Macedonia FYR,3400,0,2015
Macedonia FYR,3600,0,2015
Malaysia,700,0,2015
Malaysia,800,0,2015
Malaysia,900,0,2015
Malaysia,1500,0,2015
Malaysia,1800,0,2015
Malaysia,2100,0,2015
Malaysia,2300,0,2015
Malaysia,2600,0,2015
Malaysia,3400,0,2015
Malaysia,3600,0,2015
Malta,700,0,2015
Malta,800,0,2015
Malta,900,0,2015
Malta,1500,0,2015
Malta,1800,0,2015
Malta,2100,0,2015
Malta,2300,0,2015
Malta,2600,0,2015
Malta,3400,0,2015
Malta,3600,0,2015
Moldova,700,0,2015
Moldova,800,0,2015
Moldova,900,0,2015
Moldova,1500,0,2015
Moldova,1800,0,2015
Moldova,2100,0,2015
Moldova,2300,0,2015
Moldova,2600,0,2015
Moldova,3400,0,2015
Moldova,3600,0,2015
Morocco,700,0,2015
Morocco,800,0.094140085,2015
Morocco,900,0,2015
Morocco,1500,0,2015
Morocco,1800,0,2015
Morocco,2100,0,2015
Morocco,2300,0,2015
Morocco,2600,0,2015
Morocco,3400,0,2015
Morocco,3600,0,2015
Mozambique,700,0,2015
Mozambique,800,0,2015
Mozambique,900,0,2015
Mozambique,1500,0,2015
Mozambique,1800,0,2015
Mozambique,2100,0,2015
Mozambique,2300,0,2015
Mozambique,2600,0,2015
Mozambique,3400,0,2015
Mozambique,3600,0,2015
Netherlands,700,0,2015
Netherlands,800,0,2015
Netherlands,900,0,2015
Netherlands,1500,0,2015
Netherlands,1800,0,2015
Netherlands,2100,0,2015
Netherlands,2300,0,2015
Netherlands,2600,0,2015
Netherlands,3400,0,2015
Netherlands,3600,0,2015
New Zealand,700,0,2015
New Zealand,800,0,2015
New Zealand,900,0,2015
New Zealand,1500,0,2015
New Zealand,1800,0,2015
New Zealand,2100,0,2015
New Zealand,2300,0,2015
New Zealand,2600,0,2015
New Zealand,3400,0,2015
New Zealand,3600,0,2015
Nigeria,700,0,2015
Nigeria,800,0,2015
Nigeria,900,0.030207393,2015
Nigeria,1500,0,2015
Nigeria,1800,0,2015
Nigeria,2100,0,2015
Nigeria,2300,0,2015
Nigeria,2600,0,2015
Nigeria,3400,0,2015
Nigeria,3600,0,2015
Norway,700,0,2015
Norway,800,0,2015
Norway,900,0,2015
Norway,1500,0,2015
Norway,1800,0,2015
Norway,2100,0,2015
Norway,2300,0,2015
Norway,2600,0,2015
Norway,3400,0,2015
Norway,3600,0,2015
Pakistan,700,0,2015
Pakistan,800,0,2015
Pakistan,900,0,2015
Pakistan,1500,0,2015
Pakistan,1800,0,2015
Pakistan,2100,0,2015
Pakistan,2300,0,2015
Pakistan,2600,0,2015
Pakistan,3400,0,2015
Pakistan,3600,0,2015
Peru,700,0,2015
Peru,800,0,2015
Peru,900,0,2015
Peru,1500,0,2015
Peru,1800,0,2015
Peru,2100,0,2015
Peru,2300,0,2015
Peru,2600,0,2015
Peru,3400,0,2015
Peru,3600,0,2015
Poland,700,0,2015
Poland,800,2.940953921,2015
Poland,900,0,2015
Poland,1500,0,2015
Poland,1800,0,2015
Poland,2100,0,2015
Poland,2300,0,2015
Poland,2600,0.152871367,2015
Poland,3400,0,2015
Poland,3600,0,2015
Portugal,700,0,2015
Portugal,800,0,2015
Portugal,900,0,2015
Portugal,1500,0,2015
Portugal,1800,0,2015
Portugal,2100,0,2015
Portugal,2300,0,2015
Portugal,2600,0,2015
Portugal,3400,0,2015
Portugal,3600,0,2015
Romania,700,0,2015
Romania,800,0,2015
Romania,900,0,2015
Romania,1500,0,2015
Romania,1800,0,2015
Romania,2100,0,2015
Romania,2300,0,2015
Romania,2600,0,2015
Romania,3400,0.005067708,2015
Romania,3600,0.004613112,2015
Russian Federation,700,0,2015
Russian Federation,800,0,2015
Russian Federation,900,0,2015
Russian Federation,1500,0,2015
Russian Federation,1800,0,2015
Russian Federation,2100,0,2015
Russian Federation,2300,0,2015
Russian Federation,2600,0,2015
Russian Federation,3400,0,2015
Russian Federation,3600,0,2015
Serbia,700,0,2015
Serbia,800,0.718409597,2015
Serbia,900,0,2015
Serbia,1500,0,2015
Serbia,1800,0.286820786,2015
Serbia,2100,0,2015
Serbia,2300,0,2015
Serbia,2600,0,2015
Serbia,3400,0,2015
Serbia,3600,0,2015
Singapore,700,0,2015
Singapore,800,0,2015
Singapore,900,0,2015
Singapore,1500,0,2015
Singapore,1800,0,2015
Singapore,2100,0,2015
Singapore,2300,0,2015
Singapore,2600,0,2015
Singapore,3400,0,2015
Singapore,3600,0,2015
Slovak Republic,700,0,2015
Slovak Republic,800,0,2015
Slovak Republic,900,0,2015
Slovak Republic,1500,0,2015
Slovak Republic,1800,0,2015
Slovak Republic,2100,0,2015
Slovak Republic,2300,0,2015
Slovak Republic,2600,0,2015
Slovak Republic,3400,0,2015
Slovak Republic,3600,0.003728275,2015
Slovenia,700,0,2015
Slovenia,800,0,2015
Slovenia,900,0,2015
Slovenia,1500,0,2015
Slovenia,1800,0,2015
Slovenia,2100,0,2015
Slovenia,2300,0,2015
Slovenia,2600,0,2015
Slovenia,3400,0,2015
Slovenia,3600,0,2015
Spain,700,0,2015
Spain,800,0,2015
Spain,900,0,2015
Spain,1500,0,2015
Spain,1800,0,2015
Spain,2100,0,2015
Spain,2300,0,2015
Spain,2600,0,2015
Spain,3400,0,2015
Spain,3600,0,2015
Sri Lanka,700,0,2015
Sri Lanka,800,0,2015
Sri Lanka,900,0,2015
Sri Lanka,1500,0,2015
Sri Lanka,1800,0,2015
Sri Lanka,2100,0,2015
Sri Lanka,2300,0,2015
Sri Lanka,2600,0,2015
Sri Lanka,3400,0,2015
Sri Lanka,3600,0,2015
Sweden,700,0,2015
Sweden,800,0,2015
Sweden,900,0,2015
Sweden,1500,0,2015
Sweden,1800,0,2015
Sweden,2100,0,2015
Sweden,2300,0,2015
Sweden,2600,0,2015
Sweden,3400,0,2015
Sweden,3600,0,2015
Switzerland,700,0,2015
Switzerland,800,0,2015
Switzerland,900,0,2015
Switzerland,1500,0,2015
Switzerland,1800,0,2015
Switzerland,2100,0,2015
Switzerland,2300,0,2015
Switzerland,2600,0,2015
Switzerland,3400,0,2015
Switzerland,3600,0,2015
Thailand,700,0,2015
Thailand,800,0,2015
Thailand,900,4.552442151,2015
Thailand,1500,0,2015
Thailand,1800,1.630844283,2015
Thailand,2100,0,2015
Thailand,2300,0,2015
Thailand,2600,0,2015
Thailand,3400,0,2015
Thailand,3600,0,2015
Turkey,700,0,2015
Turkey,800,0.681346747,2015
Turkey,900,0.498411085,2015
Turkey,1500,0,2015
Turkey,1800,0.252090089,2015
Turkey,2100,0.656888146,2015
Turkey,2300,0,2015
Turkey,2600,0.268345796,2015
Turkey,3400,0,2015
Turkey,3600,0,2015
Ukraine,700,0,2015
Ukraine,800,0,2015
Ukraine,900,0,2015
Ukraine,1500,0,2015
Ukraine,1800,0,2015
Ukraine,2100,0.35060062,2015
Ukraine,2300,0,2015
Ukraine,2600,0,2015
Ukraine,3400,0,2015
Ukraine,3600,0,2015
United Kingdom,700,0,2015
United Kingdom,800,0,2015
United Kingdom,900,0,2015
United Kingdom,1500,0,2015
United Kingdom,1800,0,2015
United Kingdom,2100,0,2015
United Kingdom,2300,0,2015
United Kingdom,2600,0,2015
United Kingdom,3400,0,2015
United Kingdom,3600,0,2015
Uruguay,700,0,2015
Uruguay,800,0,2015
Uruguay,900,0,2015
Uruguay,1500,0,2015
Uruguay,1800,0,2015
Uruguay,2100,0,2015
Uruguay,2300,0,2015
Uruguay,2600,0,2015
Uruguay,3400,0,2015
Uruguay,3600,0,2015
Albania,700,0,2014
Albania,800,0,2014
Albania,900,0,2014
Albania,1500,0,2014
Albania,1800,0,2014
Albania,2100,0,2014
Albania,2300,0,2014
Albania,2600,0,2014
Albania,3400,0,2014
Albania,3600,0,2014
Algeria,700,0,2014
Algeria,800,0,2014
Algeria,900,0,2014
Algeria,1500,0,2014
Algeria,1800,0,2014
Algeria,2100,0,2014
Algeria,2300,0,2014
Algeria,2600,0,2014
Algeria,3400,0,2014
Algeria,3600,0,2014
Argentina,700,0.05578419,2014
Argentina,800,0,2014
Argentina,900,0,2014
Argentina,1500,0,2014
Argentina,1800,0,2014
Argentina,2100,0,2014
Argentina,2300,0,2014
Argentina,2600,0,2014
Argentina,3400,0,2014
Argentina,3600,0,2014
Australia,700,0,2014
Australia,800,0,2014
Australia,900,0,2014
Australia,1500,0,2014
Australia,1800,0,2014
Australia,2100,0,2014
Australia,2300,0,2014
Australia,2600,0,2014
Australia,3400,0,2014
Australia,3600,0,2014
Bangladesh,700,0,2014
Bangladesh,800,0,2014
Bangladesh,900,0,2014
Bangladesh,1500,0,2014
Bangladesh,1800,0,2014
Bangladesh,2100,0,2014
Bangladesh,2300,0,2014
Bangladesh,2600,0,2014
Bangladesh,3400,0,2014
Bangladesh,3600,0,2014
Belgium,700,0,2014
Belgium,800,0,2014
Belgium,900,0,2014
Belgium,1500,0,2014
Belgium,1800,0,2014
Belgium,2100,0,2014
Belgium,2300,0,2014
Belgium,2600,0,2014
Belgium,3400,0,2014
Belgium,3600,0,2014
Brazil,700,0.275348224,2014
Brazil,800,0,2014
Brazil,900,0,2014
Brazil,1500,0,2014
Brazil,1800,0,2014
Brazil,2100,0,2014
Brazil,2300,0,2014
Brazil,2600,0,2014
Brazil,3400,0,2014
Brazil,3600,0,2014
Bulgaria,700,0,2014
Bulgaria,800,0,2014
Bulgaria,900,0,2014
Bulgaria,1500,0,2014
Bulgaria,1800,0,2014
Bulgaria,2100,0,2014
Bulgaria,2300,0,2014
Bulgaria,2600,0,2014
Bulgaria,3400,0,2014
Bulgaria,3600,0,2014
Chile,700,0.036274264,2014
Chile,800,0,2014
Chile,900,0,2014
Chile,1500,0,2014
Chile,1800,0,2014
Chile,2100,0,2014
Chile,2300,0,2014
Chile,2600,0,2014
Chile,3400,0,2014
Chile,3600,0,2014
Colombia,700,0,2014
Colombia,800,0,2014
Colombia,900,0,2014
Colombia,1500,0,2014
Colombia,1800,0,2014
Colombia,2100,0,2014
Colombia,2300,0,2014
Colombia,2600,0,2014
Colombia,3400,0,2014
Colombia,3600,0,2014
Costa Rica,700,0,2014
Costa Rica,800,0,2014
Costa Rica,900,0,2014
Costa Rica,1500,0,2014
Costa Rica,1800,0,2014
Costa Rica,2100,0,2014
Costa Rica,2300,0,2014
Costa Rica,2600,0,2014
Costa Rica,3400,0,2014
Costa Rica,3600,0,2014
Croatia,700,0,2014
Croatia,800,0,2014
Croatia,900,0,2014
Croatia,1500,0,2014
Croatia,1800,0,2014
Croatia,2100,0,2014
Croatia,2300,0,2014
Croatia,2600,0,2014
Croatia,3400,0,2014
Croatia,3600,0,2014
Cyprus,700,0,2014
Cyprus,800,0,2014
Cyprus,900,0.157249216,2014
Cyprus,1500,0,2014
Cyprus,1800,0,2014
Cyprus,2100,0,2014
Cyprus,2300,0,2014
Cyprus,2600,0,2014
Cyprus,3400,0,2014
Cyprus,3600,0,2014
Czech Republic,700,0,2014
Czech Republic,800,0,2014
Czech Republic,900,0,2014
Czech Republic,1500,0,2014
Czech Republic,1800,0,2014
Czech Republic,2100,0,2014
Czech Republic,2300,0,2014
Czech Republic,2600,0,2014
Czech Republic,3400,0,2014
Czech Republic,3600,0,2014
Denmark,700,0,2014
Denmark,800,0,2014
Denmark,900,0,2014
Denmark,1500,0,2014
Denmark,1800,0,2014
Denmark,2100,0,2014
Denmark,2300,0,2014
Denmark,2600,0,2014
Denmark,3400,0,2014
Denmark,3600,0,2014
Dominican Republic,700,0,2014
Dominican Republic,800,0,2014
Dominican Republic,900,0.302030923,2014
Dominican Republic,1500,0,2014
Dominican Republic,1800,0,2014
Dominican Republic,2100,0.211421652,2014
Dominican Republic,2300,0,2014
Dominican Republic,2600,0,2014
Dominican Republic,3400,0,2014
Dominican Republic,3600,0,2014
Ecuador,700,0,2014
Ecuador,800,0,2014
Ecuador,900,0,2014
Ecuador,1500,0,2014
Ecuador,1800,0,2014
Ecuador,2100,0,2014
Ecuador,2300,0,2014
Ecuador,2600,0,2014
Ecuador,3400,0,2014
Ecuador,3600,0,2014
Estonia,700,0,2014
Estonia,800,0.384588693,2014
Estonia,900,0,2014
Estonia,1500,0,2014
Estonia,1800,0,2014
Estonia,2100,0,2014
Estonia,2300,0,2014
Estonia,2600,0,2014
Estonia,3400,0,2014
Estonia,3600,0,2014
Fiji,700,0,2014
Fiji,800,0,2014
Fiji,900,0,2014
Fiji,1500,0,2014
Fiji,1800,0,2014
Fiji,2100,0,2014
Fiji,2300,0,2014
Fiji,2600,0,2014
Fiji,3400,0,2014
Fiji,3600,0,2014
Finland,700,0,2014
Finland,800,0,2014
Finland,900,0,2014
Finland,1500,0,2014
Finland,1800,0,2014
Finland,2100,0,2014
Finland,2300,0,2014
Finland,2600,0,2014
Finland,3400,0,2014
Finland,3600,0,2014
France,700,0,2014
France,800,0,2014
France,900,0,2014
France,1500,0,2014
France,1800,0,2014
France,2100,0,2014
France,2300,0,2014
France,2600,0,2014
France,3400,0,2014
France,3600,0,2014
Georgia,700,0,2014
Georgia,800,0.577321199,2014
Georgia,900,0,2014
Georgia,1500,0,2014
Georgia,1800,0,2014
Georgia,2100,0,2014
Georgia,2300,0,2014
Georgia,2600,0,2014
Georgia,3400,0,2014
Georgia,3600,0,2014
Germany,700,0,2014
Germany,800,0,2014
Germany,900,0,2014
Germany,1500,0,2014
Germany,1800,0,2014
Germany,2100,0,2014
Germany,2300,0,2014
Germany,2600,0,2014
Germany,3400,0,2014
Germany,3600,0,2014
Greece,700,0,2014
Greece,800,0.783576194,2014
Greece,900,0,2014
Greece,1500,0,2014
Greece,1800,0,2014
Greece,2100,0,2014
Greece,2300,0,2014
Greece,2600,0.071416423,2014
Greece,3400,0.006433502,2014
Greece,3600,0,2014
Honduras,700,0,2014
Honduras,800,0,2014
Honduras,900,0,2014
Honduras,1500,0,2014
Honduras,1800,0,2014
Honduras,2100,0,2014
Honduras,2300,0,2014
Honduras,2600,0,2014
Honduras,3400,0,2014
Honduras,3600,0,2014
Hong Kong China,700,0,2014
Hong Kong China,800,0,2014
Hong Kong China,900,0,2014
Hong Kong China,1500,0,2014
Hong Kong China,1800,0,2014
Hong Kong China,2100,1.275534655,2014
Hong Kong China,2300,0,2014
Hong Kong China,2600,0,2014
Hong Kong China,3400,0,2014
Hong Kong China,3600,0,2014
Hungary,700,0,2014
Hungary,800,0.307893679,2014
Hungary,900,0,2014
Hungary,1500,0,2014
Hungary,1800,1.168512157,2014
Hungary,2100,0,2014
Hungary,2300,0,2014
Hungary,2600,0.058425608,2014
Hungary,3400,0,2014
Hungary,3600,0,2014
Ireland,700,0,2014
Ireland,800,0,2014
Ireland,900,0,2014
Ireland,1500,0,2014
Ireland,1800,0,2014
Ireland,2100,0,2014
Ireland,2300,0,2014
Ireland,2600,0,2014
Ireland,3400,0,2014
Ireland,3600,0,2014
Israel,700,0,2014
Israel,800,0,2014
Israel,900,0,2014
Israel,1500,0,2014
Israel,1800,0,2014
Israel,2100,0,2014
Israel,2300,0,2014
Israel,2600,0,2014
Israel,3400,0,2014
Israel,3600,0,2014
Italy,700,0,2014
Italy,800,0,2014
Italy,900,0,2014
Italy,1500,0,2014
Italy,1800,0,2014
Italy,2100,0,2014
Italy,2300,0,2014
Italy,2600,0,2014
Italy,3400,0,2014
Italy,3600,0,2014
Jordan,700,0,2014
Jordan,800,0,2014
Jordan,900,0,2014
Jordan,1500,0,2014
Jordan,1800,0,2014
Jordan,2100,0,2014
Jordan,2300,0,2014
Jordan,2600,0,2014
Jordan,3400,0,2014
Jordan,3600,0,2014
Korea Rep.,700,0,2014
Korea Rep.,800,0,2014
Korea Rep.,900,0,2014
Korea Rep.,1500,0,2014
Korea Rep.,1800,0,2014
Korea Rep.,2100,0,2014
Korea Rep.,2300,0,2014
Korea Rep.,2600,0,2014
Korea Rep.,3400,0,2014
Korea Rep.,3600,0,2014
Kyrgyz Republic,700,0,2014
Kyrgyz Republic,800,0,2014
Kyrgyz Republic,900,0,2014
Kyrgyz Republic,1500,0,2014
Kyrgyz Republic,1800,0,2014
Kyrgyz Republic,2100,0,2014
Kyrgyz Republic,2300,0,2014
Kyrgyz Republic,2600,0,2014
Kyrgyz Republic,3400,0,2014
Kyrgyz Republic,3600,0,2014
Latvia,700,0,2014
Latvia,800,0,2014
Latvia,900,0,2014
Latvia,1500,0,2014
Latvia,1800,0,2014
Latvia,2100,0,2014
Latvia,2300,0,2014
Latvia,2600,0,2014
Latvia,3400,0,2014
Latvia,3600,0,2014
Lithuania,700,0,2014
Lithuania,800,0,2014
Lithuania,900,0,2014
Lithuania,1500,0,2014
Lithuania,1800,0,2014
Lithuania,2100,0,2014
Lithuania,2300,0,2014
Lithuania,2600,0,2014
Lithuania,3400,0,2014
Lithuania,3600,0,2014
Macedonia FYR,700,0,2014
Macedonia FYR,800,0,2014
Macedonia FYR,900,0,2014
Macedonia FYR,1500,0,2014
Macedonia FYR,1800,0,2014
Macedonia FYR,2100,0,2014
Macedonia FYR,2300,0,2014
Macedonia FYR,2600,0,2014
Macedonia FYR,3400,0,2014
Macedonia FYR,3600,0,2014
Malaysia,700,0,2014
Malaysia,800,0,2014
Malaysia,900,0,2014
Malaysia,1500,0,2014
Malaysia,1800,0,2014
Malaysia,2100,0,2014
Malaysia,2300,0,2014
Malaysia,2600,0,2014
Malaysia,3400,0,2014
Malaysia,3600,0,2014
Malta,700,0,2014
Malta,800,0,2014
Malta,900,0,2014
Malta,1500,0,2014
Malta,1800,0,2014
Malta,2100,0,2014
Malta,2300,0,2014
Malta,2600,0,2014
Malta,3400,0,2014
Malta,3600,0,2014
Moldova,700,0,2014
Moldova,800,0.236724293,2014
Moldova,900,0.160137022,2014
Moldova,1500,0,2014
Moldova,1800,0,2014
Moldova,2100,0,2014
Moldova,2300,0,2014
Moldova,2600,0,2014
Moldova,3400,0,2014
Moldova,3600,0,2014
Morocco,700,0,2014
Morocco,800,0,2014
Morocco,900,0,2014
Morocco,1500,0,2014
Morocco,1800,0,2014
Morocco,2100,0,2014
Morocco,2300,0,2014
Morocco,2600,0,2014
Morocco,3400,0,2014
Morocco,3600,0,2014
Mozambique,700,0,2014
Mozambique,800,0,2014
Mozambique,900,0,2014
Mozambique,1500,0,2014
Mozambique,1800,0,2014
Mozambique,2100,0,2014
Mozambique,2300,0,2014
Mozambique,2600,0,2014
Mozambique,3400,0,2014
Mozambique,3600,0,2014
Netherlands,700,0,2014
Netherlands,800,0,2014
Netherlands,900,0,2014
Netherlands,1500,0,2014
Netherlands,1800,0,2014
Netherlands,2100,0,2014
Netherlands,2300,0,2014
Netherlands,2600,0,2014
Netherlands,3400,0,2014
Netherlands,3600,0,2014
New Zealand,700,1.319775318,2014
New Zealand,800,0,2014
New Zealand,900,0,2014
New Zealand,1500,0,2014
New Zealand,1800,0,2014
New Zealand,2100,0,2014
New Zealand,2300,0,2014
New Zealand,2600,0,2014
New Zealand,3400,0,2014
New Zealand,3600,0,2014
Nigeria,700,0,2014
Nigeria,800,0,2014
Nigeria,900,0,2014
Nigeria,1500,0,2014
Nigeria,1800,0,2014
Nigeria,2100,0,2014
Nigeria,2300,0.008318367,2014
Nigeria,2600,0,2014
Nigeria,3400,0,2014
Nigeria,3600,0,2014
Norway,700,0,2014
Norway,800,0,2014
Norway,900,0,2014
Norway,1500,0,2014
Norway,1800,0,2014
Norway,2100,0,2014
Norway,2300,0,2014
Norway,2600,0,2014
Norway,3400,0,2014
Norway,3600,0,2014
Pakistan,700,0,2014
Pakistan,800,0,2014
Pakistan,900,0,2014
Pakistan,1500,0,2014
Pakistan,1800,0.184645342,2014
Pakistan,2100,0.269863563,2014
Pakistan,2300,0,2014
Pakistan,2600,0,2014
Pakistan,3400,0,2014
Pakistan,3600,0,2014
Peru,700,0,2014
Peru,800,0,2014
Peru,900,0,2014
Peru,1500,0,2014
Peru,1800,0,2014
Peru,2100,0,2014
Peru,2300,0,2014
Peru,2600,0,2014
Peru,3400,0,2014
Peru,3600,0,2014
Poland,700,0,2014
Poland,800,0,2014
Poland,900,0,2014
Poland,1500,0,2014
Poland,1800,0,2014
Poland,2100,0,2014
Poland,2300,0,2014
Poland,2600,0,2014
Poland,3400,0,2014
Poland,3600,0,2014
Portugal,700,0,2014
Portugal,800,0,2014
Portugal,900,0,2014
Portugal,1500,0,2014
Portugal,1800,0,2014
Portugal,2100,0,2014
Portugal,2300,0,2014
Portugal,2600,0,2014
Portugal,3400,0,2014
Portugal,3600,0,2014
Romania,700,0,2014
Romania,800,0,2014
Romania,900,0,2014
Romania,1500,0,2014
Romania,1800,0,2014
Romania,2100,0,2014
Romania,2300,0,2014
Romania,2600,0,2014
Romania,3400,0,2014
Romania,3600,0,2014
Russian Federation,700,0,2014
Russian Federation,800,0,2014
Russian Federation,900,0,2014
Russian Federation,1500,0,2014
Russian Federation,1800,0,2014
Russian Federation,2100,0,2014
Russian Federation,2300,0,2014
Russian Federation,2600,0,2014
Russian Federation,3400,0,2014
Russian Federation,3600,0,2014
Serbia,700,0,2014
Serbia,800,0,2014
Serbia,900,0,2014
Serbia,1500,0,2014
Serbia,1800,0,2014
Serbia,2100,0,2014
Serbia,2300,0,2014
Serbia,2600,0,2014
Serbia,3400,0,2014
Serbia,3600,0,2014
Singapore,700,0,2014
Singapore,800,0,2014
Singapore,900,0,2014
Singapore,1500,0,2014
Singapore,1800,0,2014
Singapore,2100,0,2014
Singapore,2300,0,2014
Singapore,2600,0,2014
Singapore,3400,0,2014
Singapore,3600,0,2014
Slovak Republic,700,0,2014
Slovak Republic,800,0,2014
Slovak Republic,900,0,2014
Slovak Republic,1500,0,2014
Slovak Republic,1800,0,2014
Slovak Republic,2100,0,2014
Slovak Republic,2300,0,2014
Slovak Republic,2600,0,2014
Slovak Republic,3400,0,2014
Slovak Republic,3600,0,2014
Slovenia,700,0,2014
Slovenia,800,0.280072644,2014
Slovenia,900,0,2014
Slovenia,1500,0,2014
Slovenia,1800,0,2014
Slovenia,2100,0,2014
Slovenia,2300,0,2014
Slovenia,2600,0,2014
Slovenia,3400,0,2014
Slovenia,3600,0,2014
Spain,700,0,2014
Spain,800,0,2014
Spain,900,0,2014
Spain,1500,0,2014
Spain,1800,0,2014
Spain,2100,0,2014
Spain,2300,0,2014
Spain,2600,0,2014
Spain,3400,0,2014
Spain,3600,0,2014
Sri Lanka,700,0,2014
Sri Lanka,800,0,2014
Sri Lanka,900,0,2014
Sri Lanka,1500,0,2014
Sri Lanka,1800,0,2014
Sri Lanka,2100,0,2014
Sri Lanka,2300,0,2014
Sri Lanka,2600,0,2014
Sri Lanka,3400,0,2014
Sri Lanka,3600,0,2014
Sweden,700,0,2014
Sweden,800,0,2014
Sweden,900,0,2014
Sweden,1500,0,2014
Sweden,1800,0,2014
Sweden,2100,0,2014
Sweden,2300,0,2014
Sweden,2600,0,2014
Sweden,3400,0,2014
Sweden,3600,0,2014
Switzerland,700,0,2014
Switzerland,800,0,2014
Switzerland,900,0,2014
Switzerland,1500,0,2014
Switzerland,1800,0,2014
Switzerland,2100,0,2014
Switzerland,2300,0,2014
Switzerland,2600,0,2014
Switzerland,3400,0,2014
Switzerland,3600,0,2014
Thailand,700,0,2014
Thailand,800,0,2014
Thailand,900,0,2014
Thailand,1500,0,2014
Thailand,1800,0,2014
Thailand,2100,0,2014
Thailand,2300,0,2014
Thailand,2600,0,2014
Thailand,3400,0,2014
Thailand,3600,0,2014
Turkey,700,0,2014
Turkey,800,0,2014
Turkey,900,0,2014
Turkey,1500,0,2014
Turkey,1800,0,2014
Turkey,2100,0,2014
Turkey,2300,0,2014
Turkey,2600,0,2014
Turkey,3400,0,2014
Turkey,3600,0,2014
Ukraine,700,0,2014
Ukraine,800,0,2014
Ukraine,900,0,2014
Ukraine,1500,0,2014
Ukraine,1800,0,2014
Ukraine,2100,0,2014
Ukraine,2300,0,2014
Ukraine,2600,0,2014
Ukraine,3400,0,2014
Ukraine,3600,0,2014
United Kingdom,700,0,2014
United Kingdom,800,0,2014
United Kingdom,900,0,2014
United Kingdom,1500,0,2014
United Kingdom,1800,0,2014
United Kingdom,2100,0,2014
United Kingdom,2300,0,2014
United Kingdom,2600,0,2014
United Kingdom,3400,0,2014
United Kingdom,3600,0,2014
Uruguay,700,0,2014
Uruguay,800,0,2014
Uruguay,900,0,2014
Uruguay,1500,0,2014
Uruguay,1800,0,2014
Uruguay,2100,0,2014
Uruguay,2300,0,2014
Uruguay,2600,0,2014
Uruguay,3400,0,2014
Uruguay,3600,0,2014
Albania,700,0,2013
Albania,800,0,2013
Albania,900,0,2013
Albania,1500,0,2013
Albania,1800,0,2013
Albania,2100,0,2013
Albania,2300,0,2013
Albania,2600,0,2013
Albania,3400,0,2013
Albania,3600,0,2013
Algeria,700,0,2013
Algeria,800,0,2013
Algeria,900,0,2013
Algeria,1500,0,2013
Algeria,1800,0,2013
Algeria,2100,0.138215881,2013
Algeria,2300,0,2013
Algeria,2600,0,2013
Algeria,3400,0,2013
Algeria,3600,0,2013
Argentina,700,0,2013
Argentina,800,0,2013
Argentina,900,0,2013
Argentina,1500,0,2013
Argentina,1800,0,2013
Argentina,2100,0,2013
Argentina,2300,0,2013
Argentina,2600,0,2013
Argentina,3400,0,2013
Argentina,3600,0,2013
Australia,700,0.655610025,2013
Australia,800,0,2013
Australia,900,0,2013
Australia,1500,0,2013
Australia,1800,0,2013
Australia,2100,0,2013
Australia,2300,0,2013
Australia,2600,0,2013
Australia,3400,0,2013
Australia,3600,0,2013
Bangladesh,700,0,2013
Bangladesh,800,0,2013
Bangladesh,900,0,2013
Bangladesh,1500,0,2013
Bangladesh,1800,0,2013
Bangladesh,2100,0.192398645,2013
Bangladesh,2300,0,2013
Bangladesh,2600,0,2013
Bangladesh,3400,0,2013
Bangladesh,3600,0,2013
Belgium,700,0,2013
Belgium,800,0.712604836,2013
Belgium,900,0,2013
Belgium,1500,0,2013
Belgium,1800,0,2013
Belgium,2100,0,2013
Belgium,2300,0,2013
Belgium,2600,0,2013
Belgium,3400,0,2013
Belgium,3600,0,2013
Brazil,700,0,2013
Brazil,800,0,2013
Brazil,900,0,2013
Brazil,1500,0,2013
Brazil,1800,0,2013
Brazil,2100,0,2013
Brazil,2300,0,2013
Brazil,2600,0,2013
Brazil,3400,0,2013
Brazil,3600,0,2013
Bulgaria,700,0,2013
Bulgaria,800,0,2013
Bulgaria,900,0,2013
Bulgaria,1500,0,2013
Bulgaria,1800,0.397003017,2013
Bulgaria,2100,0,2013
Bulgaria,2300,0,2013
Bulgaria,2600,0,2013
Bulgaria,3400,0,2013
Bulgaria,3600,0,2013
Chile,700,0,2013
Chile,800,0,2013
Chile,900,0,2013
Chile,1500,0,2013
Chile,1800,0,2013
Chile,2100,0,2013
Chile,2300,0,2013
Chile,2600,0,2013
Chile,3400,0,2013
Chile,3600,0,2013
Colombia,700,0,2013
Colombia,800,0,2013
Colombia,900,0,2013
Colombia,1500,0,2013
Colombia,1800,0,2013
Colombia,2100,0.122333529,2013
Colombia,2300,0,2013
Colombia,2600,0.039453887,2013
Colombia,3400,0,2013
Colombia,3600,0,2013
Costa Rica,700,0,2013
Costa Rica,800,0,2013
Costa Rica,900,0,2013
Costa Rica,1500,0,2013
Costa Rica,1800,0,2013
Costa Rica,2100,0,2013
Costa Rica,2300,0,2013
Costa Rica,2600,0,2013
Costa Rica,3400,0,2013
Costa Rica,3600,0,2013
Croatia,700,0,2013
Croatia,800,0.688369246,2013
Croatia,900,0,2013
Croatia,1500,0,2013
Croatia,1800,0,2013
Croatia,2100,0,2013
Croatia,2300,0,2013
Croatia,2600,0,2013
Croatia,3400,0,2013
Croatia,3600,0,2013
Cyprus,700,0,2013
Cyprus,800,0,2013
Cyprus,900,0,2013
Cyprus,1500,0,2013
Cyprus,1800,0,2013
Cyprus,2100,0,2013
Cyprus,2300,0,2013
Cyprus,2600,0,2013
Cyprus,3400,0,2013
Cyprus,3600,0,2013
Czech Republic,700,0,2013
Czech Republic,800,1.02358321,2013
Czech Republic,900,0,2013
Czech Republic,1500,0,2013
Czech Republic,1800,0.126985887,2013
Czech Republic,2100,0,2013
Czech Republic,2300,0,2013
Czech Republic,2600,0.061568915,2013
Czech Republic,3400,0,2013
Czech Republic,3600,0,2013
Denmark,700,0,2013
Denmark,800,0,2013
Denmark,900,0,2013
Denmark,1500,0,2013
Denmark,1800,0,2013
Denmark,2100,0,2013
Denmark,2300,0,2013
Denmark,2600,0,2013
Denmark,3400,0,2013
Denmark,3600,0,2013
Dominican Republic,700,0,2013
Dominican Republic,800,0,2013
Dominican Republic,900,0,2013
Dominican Republic,1500,0,2013
Dominican Republic,1800,0,2013
Dominican Republic,2100,0,2013
Dominican Republic,2300,0,2013
Dominican Republic,2600,0,2013
Dominican Republic,3400,0,2013
Dominican Republic,3600,0,2013
Ecuador,700,0,2013
Ecuador,800,0,2013
Ecuador,900,0,2013
Ecuador,1500,0,2013
Ecuador,1800,0,2013
Ecuador,2100,0,2013
Ecuador,2300,0,2013
Ecuador,2600,0,2013
Ecuador,3400,0,2013
Ecuador,3600,0,2013
Estonia,700,0,2013
Estonia,800,0.386963384,2013
Estonia,900,0,2013
Estonia,1500,0,2013
Estonia,1800,0,2013
Estonia,2100,0,2013
Estonia,2300,0,2013
Estonia,2600,0,2013
Estonia,3400,0,2013
Estonia,3600,0,2013
Fiji,700,0.052061557,2013
Fiji,800,0,2013
Fiji,900,0,2013
Fiji,1500,0,2013
Fiji,1800,0.025788368,2013
Fiji,2100,0,2013
Fiji,2300,0,2013
Fiji,2600,0,2013
Fiji,3400,0,2013
Fiji,3600,0,2013
Finland,700,0,2013
Finland,800,0.465632038,2013
Finland,900,0,2013
Finland,1500,0,2013
Finland,1800,0,2013
Finland,2100,0,2013
Finland,2300,0,2013
Finland,2600,0,2013
Finland,3400,0,2013
Finland,3600,0,2013
France,700,0,2013
France,800,0,2013
France,900,0,2013
France,1500,0,2013
France,1800,0,2013
France,2100,0,2013
France,2300,0,2013
France,2600,0,2013
France,3400,0,2013
France,3600,0,2013
Georgia,700,0,2013
Georgia,800,0,2013
Georgia,900,0,2013
Georgia,1500,0,2013
Georgia,1800,0,2013
Georgia,2100,0,2013
Georgia,2300,0,2013
Georgia,2600,0,2013
Georgia,3400,0,2013
Georgia,3600,0,2013
Germany,700,0,2013
Germany,800,0,2013
Germany,900,0,2013
Germany,1500,0,2013
Germany,1800,0,2013
Germany,2100,0,2013
Germany,2300,0,2013
Germany,2600,0,2013
Germany,3400,0,2013
Germany,3600,0,2013
Greece,700,0,2013
Greece,800,0,2013
Greece,900,0,2013
Greece,1500,0,2013
Greece,1800,0,2013
Greece,2100,0,2013
Greece,2300,0,2013
Greece,2600,0,2013
Greece,3400,0,2013
Greece,3600,0,2013
Honduras,700,0,2013
Honduras,800,0,2013
Honduras,900,0,2013
Honduras,1500,0,2013
Honduras,1800,0,2013
Honduras,2100,0,2013
Honduras,2300,0,2013
Honduras,2600,0,2013
Honduras,3400,0,2013
Honduras,3600,0,2013
Hong Kong Chi0,700,0,2013
Hong Kong Chi0,800,0,2013
Hong Kong Chi0,900,0,2013
Hong Kong Chi0,1500,0,2013
Hong Kong Chi0,1800,0,2013
Hong Kong Chi0,2100,0,2013
Hong Kong Chi0,2300,0,2013
Hong Kong Chi0,2600,0.825773588,2013
Hong Kong Chi0,3400,0,2013
Hong Kong Chi0,3600,0,2013
Hungary,700,0,2013
Hungary,800,0,2013
Hungary,900,0,2013
Hungary,1500,0,2013
Hungary,1800,0,2013
Hungary,2100,0,2013
Hungary,2300,0,2013
Hungary,2600,0,2013
Hungary,3400,0,2013
Hungary,3600,0,2013
Ireland,700,0,2013
Ireland,800,0,2013
Ireland,900,0,2013
Ireland,1500,0,2013
Ireland,1800,0,2013
Ireland,2100,0,2013
Ireland,2300,0,2013
Ireland,2600,0,2013
Ireland,3400,0,2013
Ireland,3600,0,2013
Israel,700,0,2013
Israel,800,0,2013
Israel,900,0,2013
Israel,1500,0,2013
Israel,1800,0,2013
Israel,2100,0,2013
Israel,2300,0,2013
Israel,2600,0,2013
Israel,3400,0,2013
Israel,3600,0,2013
Italy,700,0,2013
Italy,800,0,2013
Italy,900,0,2013
Italy,1500,0,2013
Italy,1800,0,2013
Italy,2100,0,2013
Italy,2300,0,2013
Italy,2600,0,2013
Italy,3400,0,2013
Italy,3600,0,2013
Jordan,700,0,2013
Jordan,800,0,2013
Jordan,900,0,2013
Jordan,1500,0,2013
Jordan,1800,0,2013
Jordan,2100,0,2013
Jordan,2300,0,2013
Jordan,2600,0,2013
Jordan,3400,0,2013
Jordan,3600,0,2013
Korea Rep.,700,0,2013
Korea Rep.,800,0,2013
Korea Rep.,900,0,2013
Korea Rep.,1500,0,2013
Korea Rep.,1800,0.705118213,2013
Korea Rep.,2100,0,2013
Korea Rep.,2300,0,2013
Korea Rep.,2600,0.281459687,2013
Korea Rep.,3400,0,2013
Korea Rep.,3600,0,2013
Kyrgyz Republic,700,0,2013
Kyrgyz Republic,800,0,2013
Kyrgyz Republic,900,0,2013
Kyrgyz Republic,1500,0,2013
Kyrgyz Republic,1800,0,2013
Kyrgyz Republic,2100,0,2013
Kyrgyz Republic,2300,0,2013
Kyrgyz Republic,2600,0,2013
Kyrgyz Republic,3400,0,2013
Kyrgyz Republic,3600,0,2013
Latvia,700,0,2013
Latvia,800,0.051487744,2013
Latvia,900,0,2013
Latvia,1500,0,2013
Latvia,1800,0,2013
Latvia,2100,0,2013
Latvia,2300,0,2013
Latvia,2600,0,2013
Latvia,3400,0,2013
Latvia,3600,0,2013
Lithuania,700,0,2013
Lithuania,800,0.163592579,2013
Lithuania,900,0,2013
Lithuania,1500,0,2013
Lithuania,1800,0,2013
Lithuania,2100,0,2013
Lithuania,2300,0,2013
Lithuania,2600,0,2013
Lithuania,3400,0,2013
Lithuania,3600,0,2013
Macedonia FYR,700,0,2013
Macedonia FYR,800,0.319257835,2013
Macedonia FYR,900,0,2013
Macedonia FYR,1500,0,2013
Macedonia FYR,1800,0,2013
Macedonia FYR,2100,0,2013
Macedonia FYR,2300,0,2013
Macedonia FYR,2600,0,2013
Macedonia FYR,3400,0,2013
Macedonia FYR,3600,0,2013
Malaysia,700,0,2013
Malaysia,800,0,2013
Malaysia,900,0,2013
Malaysia,1500,0,2013
Malaysia,1800,0,2013
Malaysia,2100,0,2013
Malaysia,2300,0,2013
Malaysia,2600,0,2013
Malaysia,3400,0,2013
Malaysia,3600,0,2013
Malta,700,0,2013
Malta,800,0,2013
Malta,900,0,2013
Malta,1500,0,2013
Malta,1800,0,2013
Malta,2100,0,2013
Malta,2300,0,2013
Malta,2600,0,2013
Malta,3400,0,2013
Malta,3600,0,2013
Moldova,700,0,2013
Moldova,800,0,2013
Moldova,900,0,2013
Moldova,1500,0,2013
Moldova,1800,0,2013
Moldova,2100,0,2013
Moldova,2300,0,2013
Moldova,2600,0,2013
Moldova,3400,0,2013
Moldova,3600,0,2013
Morocco,700,0,2013
Morocco,800,0,2013
Morocco,900,0,2013
Morocco,1500,0,2013
Morocco,1800,0,2013
Morocco,2100,0,2013
Morocco,2300,0,2013
Morocco,2600,0,2013
Morocco,3400,0,2013
Morocco,3600,0,2013
Mozambique,700,0,2013
Mozambique,800,0,2013
Mozambique,900,0,2013
Mozambique,1500,0,2013
Mozambique,1800,0,2013
Mozambique,2100,0,2013
Mozambique,2300,0,2013
Mozambique,2600,0,2013
Mozambique,3400,0,2013
Mozambique,3600,0,2013
Netherlands,700,0,2013
Netherlands,800,0,2013
Netherlands,900,0,2013
Netherlands,1500,0,2013
Netherlands,1800,0,2013
Netherlands,2100,0,2013
Netherlands,2300,0,2013
Netherlands,2600,0,2013
Netherlands,3400,0,2013
Netherlands,3600,0,2013
New Zealand,700,0,2013
New Zealand,800,0,2013
New Zealand,900,0,2013
New Zealand,1500,0,2013
New Zealand,1800,0,2013
New Zealand,2100,0,2013
New Zealand,2300,0,2013
New Zealand,2600,0,2013
New Zealand,3400,0,2013
New Zealand,3600,0,2013
Nigeria,700,0,2013
Nigeria,800,0,2013
Nigeria,900,0,2013
Nigeria,1500,0,2013
Nigeria,1800,0,2013
Nigeria,2100,0,2013
Nigeria,2300,0,2013
Nigeria,2600,0,2013
Nigeria,3400,0,2013
Nigeria,3600,0,2013
Norway,700,0,2013
Norway,800,0.218703082,2013
Norway,900,0,2013
Norway,1500,0,2013
Norway,1800,0,2013
Norway,2100,0,2013
Norway,2300,0,2013
Norway,2600,0,2013
Norway,3400,0,2013
Norway,3600,0,2013
Pakistan,700,0,2013
Pakistan,800,0,2013
Pakistan,900,0,2013
Pakistan,1500,0,2013
Pakistan,1800,0,2013
Pakistan,2100,0,2013
Pakistan,2300,0,2013
Pakistan,2600,0,2013
Pakistan,3400,0,2013
Pakistan,3600,0,2013
Peru,700,0,2013
Peru,800,0,2013
Peru,900,0,2013
Peru,1500,0,2013
Peru,1800,0,2013
Peru,2100,0.222149144,2013
Peru,2300,0,2013
Peru,2600,0,2013
Peru,3400,0,2013
Peru,3600,0,2013
Poland,700,0,2013
Poland,800,0,2013
Poland,900,0,2013
Poland,1500,0,2013
Poland,1800,0.358829873,2013
Poland,2100,0,2013
Poland,2300,0,2013
Poland,2600,0,2013
Poland,3400,0,2013
Poland,3600,0,2013
Portugal,700,0,2013
Portugal,800,0,2013
Portugal,900,0,2013
Portugal,1500,0,2013
Portugal,1800,0,2013
Portugal,2100,0,2013
Portugal,2300,0,2013
Portugal,2600,0,2013
Portugal,3400,0,2013
Portugal,3600,0,2013
Romania,700,0,2013
Romania,800,0,2013
Romania,900,0,2013
Romania,1500,0,2013
Romania,1800,0,2013
Romania,2100,0,2013
Romania,2300,0,2013
Romania,2600,0,2013
Romania,3400,0,2013
Romania,3600,0,2013
Russian Federation,700,0,2013
Russian Federation,800,0,2013
Russian Federation,900,0,2013
Russian Federation,1500,0,2013
Russian Federation,1800,0,2013
Russian Federation,2100,0,2013
Russian Federation,2300,0,2013
Russian Federation,2600,0,2013
Russian Federation,3400,0,2013
Russian Federation,3600,0,2013
Serbia,700,0,2013
Serbia,800,0,2013
Serbia,900,0,2013
Serbia,1500,0,2013
Serbia,1800,0,2013
Serbia,2100,0,2013
Serbia,2300,0,2013
Serbia,2600,0,2013
Serbia,3400,0,2013
Serbia,3600,0,2013
Singapore,700,0,2013
Singapore,800,0,2013
Singapore,900,0,2013
Singapore,1500,0,2013
Singapore,1800,0.288209543,2013
Singapore,2100,0,2013
Singapore,2300,0,2013
Singapore,2600,0,2013
Singapore,3400,0,2013
Singapore,3600,0,2013
Slovak Republic,700,0,2013
Slovak Republic,800,0,2013
Slovak Republic,900,0,2013
Slovak Republic,1500,0,2013
Slovak Republic,1800,0.081618873,2013
Slovak Republic,2100,0,2013
Slovak Republic,2300,0,2013
Slovak Republic,2600,0,2013
Slovak Republic,3400,0,2013
Slovak Republic,3600,0,2013
Slovenia,700,0,2013
Slovenia,800,0,2013
Slovenia,900,0,2013
Slovenia,1500,0,2013
Slovenia,1800,0,2013
Slovenia,2100,0,2013
Slovenia,2300,0,2013
Slovenia,2600,0,2013
Slovenia,3400,0,2013
Slovenia,3600,0,2013
Spain,700,0,2013
Spain,800,0,2013
Spain,900,0,2013
Spain,1500,0,2013
Spain,1800,0,2013
Spain,2100,0,2013
Spain,2300,0,2013
Spain,2600,0,2013
Spain,3400,0,2013
Spain,3600,0,2013
Sri Lanka,700,0,2013
Sri Lanka,800,0,2013
Sri Lanka,900,0,2013
Sri Lanka,1500,0,2013
Sri Lanka,1800,0.332765379,2013
Sri Lanka,2100,0,2013
Sri Lanka,2300,0,2013
Sri Lanka,2600,0,2013
Sri Lanka,3400,0,2013
Sri Lanka,3600,0,2013
Sweden,700,0,2013
Sweden,800,0,2013
Sweden,900,0,2013
Sweden,1500,0,2013
Sweden,1800,0,2013
Sweden,2100,0,2013
Sweden,2300,0,2013
Sweden,2600,0,2013
Sweden,3400,0,2013
Sweden,3600,0,2013
Switzerland,700,0,2013
Switzerland,800,0,2013
Switzerland,900,0,2013
Switzerland,1500,0,2013
Switzerland,1800,0,2013
Switzerland,2100,0,2013
Switzerland,2300,0,2013
Switzerland,2600,0,2013
Switzerland,3400,0,2013
Switzerland,3600,0,2013
Thailand,700,0,2013
Thailand,800,0,2013
Thailand,900,0,2013
Thailand,1500,0,2013
Thailand,1800,0,2013
Thailand,2100,0,2013
Thailand,2300,0,2013
Thailand,2600,0,2013
Thailand,3400,0,2013
Thailand,3600,0,2013
Turkey,700,0,2013
Turkey,800,0,2013
Turkey,900,0,2013
Turkey,1500,0,2013
Turkey,1800,0,2013
Turkey,2100,0,2013
Turkey,2300,0,2013
Turkey,2600,0,2013
Turkey,3400,0,2013
Turkey,3600,0,2013
Ukraine,700,0,2013
Ukraine,800,0,2013
Ukraine,900,0,2013
Ukraine,1500,0,2013
Ukraine,1800,0,2013
Ukraine,2100,0,2013
Ukraine,2300,0,2013
Ukraine,2600,0,2013
Ukraine,3400,0,2013
Ukraine,3600,0,2013
United Kingdom,700,0,2013
United Kingdom,800,0.215484324,2013
United Kingdom,900,0,2013
United Kingdom,1500,0,2013
United Kingdom,1800,0,2013
United Kingdom,2100,0,2013
United Kingdom,2300,0,2013
United Kingdom,2600,0.09195596,2013
United Kingdom,3400,0,2013
United Kingdom,3600,0,2013
Uruguay,700,0,2013
Uruguay,800,0,2013
Uruguay,900,0.240275597,2013
Uruguay,1500,0,2013
Uruguay,1800,0,2013
Uruguay,2100,0,2013
Uruguay,2300,0,2013
Uruguay,2600,0,2013
Uruguay,3400,0,2013
Uruguay,3600,0,2013
Albania,700,0,2012
Albania,800,0,2012
Albania,900,0,2012
Albania,1500,0,2012
Albania,1800,0,2012
Albania,2100,0,2012
Albania,2300,0,2012
Albania,2600,0,2012
Albania,3400,0,2012
Albania,3600,0,2012
Algeria,700,0,2012
Algeria,800,0,2012
Algeria,900,0,2012
Algeria,1500,0,2012
Algeria,1800,0,2012
Algeria,2100,0,2012
Algeria,2300,0,2012
Algeria,2600,0,2012
Algeria,3400,0,2012
Algeria,3600,0,2012
Argentina,700,0,2012
Argentina,800,0,2012
Argentina,900,0,2012
Argentina,1500,0,2012
Argentina,1800,0,2012
Argentina,2100,0,2012
Argentina,2300,0,2012
Argentina,2600,0,2012
Argentina,3400,0,2012
Argentina,3600,0,2012
Australia,700,0,2012
Australia,800,0,2012
Australia,900,0,2012
Australia,1500,0,2012
Australia,1800,0,2012
Australia,2100,0,2012
Australia,2300,0,2012
Australia,2600,0,2012
Australia,3400,0,2012
Australia,3600,0,2012
Bangladesh,700,0,2012
Bangladesh,800,0,2012
Bangladesh,900,0,2012
Bangladesh,1500,0,2012
Bangladesh,1800,0,2012
Bangladesh,2100,0,2012
Bangladesh,2300,0,2012
Bangladesh,2600,0,2012
Bangladesh,3400,0,2012
Bangladesh,3600,0,2012
Belgium,700,0,2012
Belgium,800,0,2012
Belgium,900,0,2012
Belgium,1500,0,2012
Belgium,1800,0,2012
Belgium,2100,0,2012
Belgium,2300,0,2012
Belgium,2600,0,2012
Belgium,3400,0,2012
Belgium,3600,0,2012
Brazil,700,0,2012
Brazil,800,0,2012
Brazil,900,0,2012
Brazil,1500,0,2012
Brazil,1800,0,2012
Brazil,2100,0,2012
Brazil,2300,0,2012
Brazil,2600,0,2012
Brazil,3400,0,2012
Brazil,3600,0,2012
Bulgaria,700,0,2012
Bulgaria,800,0,2012
Bulgaria,900,0,2012
Bulgaria,1500,0,2012
Bulgaria,1800,0,2012
Bulgaria,2100,0,2012
Bulgaria,2300,0,2012
Bulgaria,2600,0,2012
Bulgaria,3400,0,2012
Bulgaria,3600,0,2012
Chile,700,0,2012
Chile,800,0,2012
Chile,900,0,2012
Chile,1500,0,2012
Chile,1800,0,2012
Chile,2100,0,2012
Chile,2300,0,2012
Chile,2600,0.017714495,2012
Chile,3400,0,2012
Chile,3600,0,2012
Colombia,700,0,2012
Colombia,800,0,2012
Colombia,900,0,2012
Colombia,1500,0,2012
Colombia,1800,0,2012
Colombia,2100,0,2012
Colombia,2300,0,2012
Colombia,2600,0,2012
Colombia,3400,0,2012
Colombia,3600,0,2012
Costa Rica,700,0,2012
Costa Rica,800,0,2012
Costa Rica,900,0,2012
Costa Rica,1500,0,2012
Costa Rica,1800,0,2012
Costa Rica,2100,0,2012
Costa Rica,2300,0,2012
Costa Rica,2600,0,2012
Costa Rica,3400,0,2012
Costa Rica,3600,0,2012
Croatia,700,0,2012
Croatia,800,0.456884134,2012
Croatia,900,0,2012
Croatia,1500,0,2012
Croatia,1800,0,2012
Croatia,2100,0,2012
Croatia,2300,0,2012
Croatia,2600,0,2012
Croatia,3400,0,2012
Croatia,3600,0,2012
Cyprus,700,0,2012
Cyprus,800,0,2012
Cyprus,900,0,2012
Cyprus,1500,0,2012
Cyprus,1800,0,2012
Cyprus,2100,0,2012
Cyprus,2300,0,2012
Cyprus,2600,0,2012
Cyprus,3400,0,2012
Cyprus,3600,0,2012
Czech Republic,700,0,2012
Czech Republic,800,0,2012
Czech Republic,900,0,2012
Czech Republic,1500,0,2012
Czech Republic,1800,0,2012
Czech Republic,2100,0,2012
Czech Republic,2300,0,2012
Czech Republic,2600,0,2012
Czech Republic,3400,0,2012
Czech Republic,3600,0,2012
Denmark,700,0,2012
Denmark,800,0.374303931,2012
Denmark,900,0,2012
Denmark,1500,0,2012
Denmark,1800,0,2012
Denmark,2100,0,2012
Denmark,2300,0,2012
Denmark,2600,0,2012
Denmark,3400,0,2012
Denmark,3600,0,2012
Dominican Republic,700,0,2012
Dominican Republic,800,0,2012
Dominican Republic,900,0,2012
Dominican Republic,1500,0,2012
Dominican Republic,1800,0,2012
Dominican Republic,2100,0,2012
Dominican Republic,2300,0,2012
Dominican Republic,2600,0,2012
Dominican Republic,3400,0,2012
Dominican Republic,3600,0,2012
Ecuador,700,0,2012
Ecuador,800,0,2012
Ecuador,900,0,2012
Ecuador,1500,0,2012
Ecuador,1800,0,2012
Ecuador,2100,0,2012
Ecuador,2300,0,2012
Ecuador,2600,0,2012
Ecuador,3400,0,2012
Ecuador,3600,0,2012
Estonia,700,0,2012
Estonia,800,0,2012
Estonia,900,0,2012
Estonia,1500,0,2012
Estonia,1800,0,2012
Estonia,2100,0,2012
Estonia,2300,0,2012
Estonia,2600,0,2012
Estonia,3400,0,2012
Estonia,3600,0,2012
Fiji,700,0,2012
Fiji,800,0,2012
Fiji,900,0,2012
Fiji,1500,0,2012
Fiji,1800,0,2012
Fiji,2100,0,2012
Fiji,2300,0,2012
Fiji,2600,0,2012
Fiji,3400,0,2012
Fiji,3600,0,2012
Finland,700,0,2012
Finland,800,0,2012
Finland,900,0,2012
Finland,1500,0,2012
Finland,1800,0,2012
Finland,2100,0,2012
Finland,2300,0,2012
Finland,2600,0,2012
Finland,3400,0,2012
Finland,3600,0,2012
France,700,0,2012
France,800,0,2012
France,900,0,2012
France,1500,0,2012
France,1800,0,2012
France,2100,0,2012
France,2300,0,2012
France,2600,0,2012
France,3400,0,2012
France,3600,0,2012
Georgia,700,0,2012
Georgia,800,0,2012
Georgia,900,0,2012
Georgia,1500,0,2012
Georgia,1800,0,2012
Georgia,2100,0,2012
Georgia,2300,0,2012
Georgia,2600,0,2012
Georgia,3400,0,2012
Georgia,3600,0,2012
Germany,700,0,2012
Germany,800,0,2012
Germany,900,0,2012
Germany,1500,0,2012
Germany,1800,0,2012
Germany,2100,0,2012
Germany,2300,0,2012
Germany,2600,0,2012
Germany,3400,0,2012
Germany,3600,0,2012
Greece,700,0,2012
Greece,800,0,2012
Greece,900,0,2012
Greece,1500,0,2012
Greece,1800,0,2012
Greece,2100,0,2012
Greece,2300,0,2012
Greece,2600,0,2012
Greece,3400,0,2012
Greece,3600,0,2012
Honduras,700,0,2012
Honduras,800,0,2012
Honduras,900,0,2012
Honduras,1500,0,2012
Honduras,1800,0,2012
Honduras,2100,0,2012
Honduras,2300,0,2012
Honduras,2600,0,2012
Honduras,3400,0,2012
Honduras,3600,0,2012
Hong Kong Chi0,700,0,2012
Hong Kong Chi0,800,0,2012
Hong Kong Chi0,900,0,2012
Hong Kong Chi0,1500,0,2012
Hong Kong Chi0,1800,0,2012
Hong Kong Chi0,2100,0,2012
Hong Kong Chi0,2300,0,2012
Hong Kong Chi0,2600,0,2012
Hong Kong Chi0,3400,0,2012
Hong Kong Chi0,3600,0,2012
Hungary,700,0,2012
Hungary,800,0,2012
Hungary,900,3.130821275,2012
Hungary,1500,0,2012
Hungary,1800,0.079934978,2012
Hungary,2100,0.079934978,2012
Hungary,2300,0,2012
Hungary,2600,0,2012
Hungary,3400,0,2012
Hungary,3600,0,2012
Ireland,700,0,2012
Ireland,800,0.459845743,2012
Ireland,900,0,2012
Ireland,1500,0,2012
Ireland,1800,0,2012
Ireland,2100,0,2012
Ireland,2300,0,2012
Ireland,2600,0,2012
Ireland,3400,0,2012
Ireland,3600,0,2012
Israel,700,0,2012
Israel,800,0,2012
Israel,900,0,2012
Israel,1500,0,2012
Israel,1800,0,2012
Israel,2100,0,2012
Israel,2300,0,2012
Israel,2600,0,2012
Israel,3400,0,2012
Israel,3600,0,2012
Italy,700,0,2012
Italy,800,0,2012
Italy,900,0,2012
Italy,1500,0,2012
Italy,1800,0,2012
Italy,2100,0,2012
Italy,2300,0,2012
Italy,2600,0,2012
Italy,3400,0,2012
Italy,3600,0,2012
Jordan,700,0,2012
Jordan,800,0,2012
Jordan,900,0,2012
Jordan,1500,0,2012
Jordan,1800,0,2012
Jordan,2100,0,2012
Jordan,2300,0,2012
Jordan,2600,0,2012
Jordan,3400,0,2012
Jordan,3600,0,2012
Korea Rep.,700,0,2012
Korea Rep.,800,0,2012
Korea Rep.,900,0,2012
Korea Rep.,1500,0,2012
Korea Rep.,1800,0,2012
Korea Rep.,2100,0,2012
Korea Rep.,2300,0,2012
Korea Rep.,2600,0,2012
Korea Rep.,3400,0,2012
Korea Rep.,3600,0,2012
Kyrgyz Republic,700,0,2012
Kyrgyz Republic,800,0,2012
Kyrgyz Republic,900,0,2012
Kyrgyz Republic,1500,0,2012
Kyrgyz Republic,1800,0,2012
Kyrgyz Republic,2100,0,2012
Kyrgyz Republic,2300,0,2012
Kyrgyz Republic,2600,0,2012
Kyrgyz Republic,3400,0,2012
Kyrgyz Republic,3600,0,2012
Latvia,700,0,2012
Latvia,800,0,2012
Latvia,900,0,2012
Latvia,1500,0,2012
Latvia,1800,0,2012
Latvia,2100,0,2012
Latvia,2300,0.003345456,2012
Latvia,2600,0.019191051,2012
Latvia,3400,0,2012
Latvia,3600,0,2012
Lithuania,700,0,2012
Lithuania,800,0,2012
Lithuania,900,0,2012
Lithuania,1500,0,2012
Lithuania,1800,0,2012
Lithuania,2100,0,2012
Lithuania,2300,0,2012
Lithuania,2600,0,2012
Lithuania,3400,0,2012
Lithuania,3600,0,2012
Macedonia FYR,700,0,2012
Macedonia FYR,800,0,2012
Macedonia FYR,900,0,2012
Macedonia FYR,1500,0,2012
Macedonia FYR,1800,0,2012
Macedonia FYR,2100,0,2012
Macedonia FYR,2300,0,2012
Macedonia FYR,2600,0,2012
Macedonia FYR,3400,0,2012
Macedonia FYR,3600,0,2012
Malaysia,700,0,2012
Malaysia,800,0,2012
Malaysia,900,0,2012
Malaysia,1500,0,2012
Malaysia,1800,0,2012
Malaysia,2100,0,2012
Malaysia,2300,0,2012
Malaysia,2600,0,2012
Malaysia,3400,0,2012
Malaysia,3600,0,2012
Malta,700,0,2012
Malta,800,0,2012
Malta,900,0,2012
Malta,1500,0,2012
Malta,1800,0,2012
Malta,2100,0,2012
Malta,2300,0,2012
Malta,2600,0,2012
Malta,3400,0,2012
Malta,3600,0,2012
Moldova,700,0,2012
Moldova,800,0,2012
Moldova,900,0,2012
Moldova,1500,0,2012
Moldova,1800,0,2012
Moldova,2100,0,2012
Moldova,2300,0,2012
Moldova,2600,0,2012
Moldova,3400,0,2012
Moldova,3600,0,2012
Morocco,700,0,2012
Morocco,800,0,2012
Morocco,900,0,2012
Morocco,1500,0,2012
Morocco,1800,0,2012
Morocco,2100,0,2012
Morocco,2300,0,2012
Morocco,2600,0,2012
Morocco,3400,0,2012
Morocco,3600,0,2012
Mozambique,700,0,2012
Mozambique,800,0,2012
Mozambique,900,0,2012
Mozambique,1500,0,2012
Mozambique,1800,0,2012
Mozambique,2100,0,2012
Mozambique,2300,0,2012
Mozambique,2600,0,2012
Mozambique,3400,0,2012
Mozambique,3600,0,2012
Netherlands,700,0,2012
Netherlands,800,5.005485855,2012
Netherlands,900,0,2012
Netherlands,1500,0,2012
Netherlands,1800,0,2012
Netherlands,2100,0,2012
Netherlands,2300,0,2012
Netherlands,2600,0,2012
Netherlands,3400,0,2012
Netherlands,3600,0,2012
New Zealand,700,0,2012
New Zealand,800,0,2012
New Zealand,900,0,2012
New Zealand,1500,0,2012
New Zealand,1800,0,2012
New Zealand,2100,0,2012
New Zealand,2300,0,2012
New Zealand,2600,0,2012
New Zealand,3400,0,2012
New Zealand,3600,0,2012
Nigeria,700,0,2012
Nigeria,800,0,2012
Nigeria,900,0,2012
Nigeria,1500,0,2012
Nigeria,1800,0,2012
Nigeria,2100,0,2012
Nigeria,2300,0,2012
Nigeria,2600,0,2012
Nigeria,3400,0,2012
Nigeria,3600,0,2012
Norway,700,0,2012
Norway,800,0,2012
Norway,900,0,2012
Norway,1500,0,2012
Norway,1800,0,2012
Norway,2100,0.011993514,2012
Norway,2300,0,2012
Norway,2600,0,2012
Norway,3400,0,2012
Norway,3600,0,2012
Pakistan,700,0,2012
Pakistan,800,0,2012
Pakistan,900,0,2012
Pakistan,1500,0,2012
Pakistan,1800,0,2012
Pakistan,2100,0,2012
Pakistan,2300,0,2012
Pakistan,2600,0,2012
Pakistan,3400,0,2012
Pakistan,3600,0,2012
Peru,700,0,2012
Peru,800,0,2012
Peru,900,0,2012
Peru,1500,0,2012
Peru,1800,0,2012
Peru,2100,0,2012
Peru,2300,0,2012
Peru,2600,0,2012
Peru,3400,0,2012
Peru,3600,0,2012
Poland,700,0,2012
Poland,800,0,2012
Poland,900,0,2012
Poland,1500,0,2012
Poland,1800,0,2012
Poland,2100,0,2012
Poland,2300,0,2012
Poland,2600,0,2012
Poland,3400,0,2012
Poland,3600,0,2012
Portugal,700,0,2012
Portugal,800,0,2012
Portugal,900,0,2012
Portugal,1500,0,2012
Portugal,1800,0,2012
Portugal,2100,0,2012
Portugal,2300,0,2012
Portugal,2600,0,2012
Portugal,3400,0,2012
Portugal,3600,0,2012
Romania,700,0,2012
Romania,800,0.294500683,2012
Romania,900,0.515492104,2012
Romania,1500,0,2012
Romania,1800,0,2012
Romania,2100,0,2012
Romania,2300,0,2012
Romania,2600,0.028356362,2012
Romania,3400,0,2012
Romania,3600,0,2012
Russian Federation,700,0,2012
Russian Federation,800,0,2012
Russian Federation,900,0,2012
Russian Federation,1500,0,2012
Russian Federation,1800,0,2012
Russian Federation,2100,0,2012
Russian Federation,2300,0,2012
Russian Federation,2600,0,2012
Russian Federation,3400,0,2012
Russian Federation,3600,0,2012
Serbia,700,0,2012
Serbia,800,0,2012
Serbia,900,0,2012
Serbia,1500,0,2012
Serbia,1800,0,2012
Serbia,2100,0,2012
Serbia,2300,0,2012
Serbia,2600,0,2012
Serbia,3400,0,2012
Serbia,3600,0,2012
Singapore,700,0,2012
Singapore,800,0,2012
Singapore,900,0,2012
Singapore,1500,0,2012
Singapore,1800,0,2012
Singapore,2100,0,2012
Singapore,2300,0,2012
Singapore,2600,0,2012
Singapore,3400,0,2012
Singapore,3600,0,2012
Slovak Republic,700,0,2012
Slovak Republic,800,0,2012
Slovak Republic,900,0,2012
Slovak Republic,1500,0,2012
Slovak Republic,1800,0,2012
Slovak Republic,2100,0,2012
Slovak Republic,2300,0,2012
Slovak Republic,2600,0,2012
Slovak Republic,3400,0,2012
Slovak Republic,3600,0,2012
Slovenia,700,0,2012
Slovenia,800,0,2012
Slovenia,900,0,2012
Slovenia,1500,0,2012
Slovenia,1800,0,2012
Slovenia,2100,0,2012
Slovenia,2300,0,2012
Slovenia,2600,0,2012
Slovenia,3400,0,2012
Slovenia,3600,0,2012
Spain,700,0,2012
Spain,800,0,2012
Spain,900,0,2012
Spain,1500,0,2012
Spain,1800,0,2012
Spain,2100,0,2012
Spain,2300,0,2012
Spain,2600,0,2012
Spain,3400,0,2012
Spain,3600,0,2012
Sri Lanka,700,0,2012
Sri Lanka,800,0,2012
Sri Lanka,900,0,2012
Sri Lanka,1500,0,2012
Sri Lanka,1800,0,2012
Sri Lanka,2100,0,2012
Sri Lanka,2300,0,2012
Sri Lanka,2600,0,2012
Sri Lanka,3400,0,2012
Sri Lanka,3600,0,2012
Sweden,700,0,2012
Sweden,800,0,2012
Sweden,900,0,2012
Sweden,1500,0,2012
Sweden,1800,0,2012
Sweden,2100,0,2012
Sweden,2300,0,2012
Sweden,2600,0,2012
Sweden,3400,0,2012
Sweden,3600,0,2012
Switzerland,700,0,2012
Switzerland,800,0.290437116,2012
Switzerland,900,0,2012
Switzerland,1500,0,2012
Switzerland,1800,0,2012
Switzerland,2100,0,2012
Switzerland,2300,0,2012
Switzerland,2600,0,2012
Switzerland,3400,0,2012
Switzerland,3600,0,2012
Thailand,700,0,2012
Thailand,800,0,2012
Thailand,900,0,2012
Thailand,1500,0,2012
Thailand,1800,0,2012
Thailand,2100,0,2012
Thailand,2300,0,2012
Thailand,2600,0,2012
Thailand,3400,0,2012
Thailand,3600,0,2012
Turkey,700,0,2012
Turkey,800,0,2012
Turkey,900,0,2012
Turkey,1500,0,2012
Turkey,1800,0,2012
Turkey,2100,0,2012
Turkey,2300,0,2012
Turkey,2600,0,2012
Turkey,3400,0,2012
Turkey,3600,0,2012
Ukraine,700,0,2012
Ukraine,800,0,2012
Ukraine,900,0,2012
Ukraine,1500,0,2012
Ukraine,1800,0,2012
Ukraine,2100,0,2012
Ukraine,2300,0,2012
Ukraine,2600,0,2012
Ukraine,3400,0,2012
Ukraine,3600,0,2012
United Kingdom,700,0,2012
United Kingdom,800,0,2012
United Kingdom,900,0,2012
United Kingdom,1500,0,2012
United Kingdom,1800,0,2012
United Kingdom,2100,0,2012
United Kingdom,2300,0,2012
United Kingdom,2600,0,2012
United Kingdom,3400,0,2012
United Kingdom,3600,0,2012
Uruguay,700,0,2012
Uruguay,800,0,2012
Uruguay,900,0,2012
Uruguay,1500,0,2012
Uruguay,1800,0,2012
Uruguay,2100,0,2012
Uruguay,2300,0,2012
Uruguay,2600,0,2012
Uruguay,3400,0,2012
Uruguay,3600,0,2012
Albania,700,0,2011
Albania,800,0,2011
Albania,900,0,2011
Albania,1500,0,2011
Albania,1800,0,2011
Albania,2100,0,2011
Albania,2300,0,2011
Albania,2600,0,2011
Albania,3400,0,2011
Albania,3600,0,2011
Algeria,700,0,2011
Algeria,800,0,2011
Algeria,900,0,2011
Algeria,1500,0,2011
Algeria,1800,0,2011
Algeria,2100,0,2011
Algeria,2300,0,2011
Algeria,2600,0,2011
Algeria,3400,0,2011
Algeria,3600,0,2011
Argentina,700,0,2011
Argentina,800,0,2011
Argentina,900,0,2011
Argentina,1500,0,2011
Argentina,1800,0,2011
Argentina,2100,0,2011
Argentina,2300,0,2011
Argentina,2600,0,2011
Argentina,3400,0,2011
Argentina,3600,0,2011
Australia,700,0,2011
Australia,800,0,2011
Australia,900,0,2011
Australia,1500,0,2011
Australia,1800,0,2011
Australia,2100,0,2011
Australia,2300,0,2011
Australia,2600,0,2011
Australia,3400,0,2011
Australia,3600,0,2011
Bangladesh,700,0,2011
Bangladesh,800,0,2011
Bangladesh,900,0,2011
Bangladesh,1500,0,2011
Bangladesh,1800,0,2011
Bangladesh,2100,0,2011
Bangladesh,2300,0,2011
Bangladesh,2600,0,2011
Bangladesh,3400,0,2011
Bangladesh,3600,0,2011
Belgium,700,0,2011
Belgium,800,0,2011
Belgium,900,0,2011
Belgium,1500,0,2011
Belgium,1800,0,2011
Belgium,2100,0.283276891,2011
Belgium,2300,0,2011
Belgium,2600,0.057642168,2011
Belgium,3400,0,2011
Belgium,3600,0,2011
Brazil,700,0,2011
Brazil,800,0,2011
Brazil,900,0,2011
Brazil,1500,0,2011
Brazil,1800,0,2011
Brazil,2100,0,2011
Brazil,2300,0,2011
Brazil,2600,0,2011
Brazil,3400,0,2011
Brazil,3600,0,2011
Bulgaria,700,0,2011
Bulgaria,800,0,2011
Bulgaria,900,0,2011
Bulgaria,1500,0,2011
Bulgaria,1800,0.380008269,2011
Bulgaria,2100,0,2011
Bulgaria,2300,0,2011
Bulgaria,2600,0,2011
Bulgaria,3400,0,2011
Bulgaria,3600,0,2011
Chile,700,0,2011
Chile,800,0,2011
Chile,900,0,2011
Chile,1500,0,2011
Chile,1800,0,2011
Chile,2100,0,2011
Chile,2300,0,2011
Chile,2600,0,2011
Chile,3400,0,2011
Chile,3600,0,2011
Colombia,700,0,2011
Colombia,800,0,2011
Colombia,900,0,2011
Colombia,1500,0,2011
Colombia,1800,0,2011
Colombia,2100,0,2011
Colombia,2300,0,2011
Colombia,2600,0,2011
Colombia,3400,0,2011
Colombia,3600,0,2011
Costa Rica,700,0,2011
Costa Rica,800,0,2011
Costa Rica,900,0,2011
Costa Rica,1500,0,2011
Costa Rica,1800,0.000653755,2011
Costa Rica,2100,0,2011
Costa Rica,2300,0,2011
Costa Rica,2600,0,2011
Costa Rica,3400,0,2011
Costa Rica,3600,0,2011
Croatia,700,0,2011
Croatia,800,0,2011
Croatia,900,0,2011
Croatia,1500,0,2011
Croatia,1800,0,2011
Croatia,2100,0,2011
Croatia,2300,0,2011
Croatia,2600,0,2011
Croatia,3400,0,2011
Croatia,3600,0,2011
Cyprus,700,0,2011
Cyprus,800,0,2011
Cyprus,900,0,2011
Cyprus,1500,0,2011
Cyprus,1800,0,2011
Cyprus,2100,0,2011
Cyprus,2300,0,2011
Cyprus,2600,0,2011
Cyprus,3400,0,2011
Cyprus,3600,0,2011
Czech Republic,700,0,2011
Czech Republic,800,0,2011
Czech Republic,900,0,2011
Czech Republic,1500,0,2011
Czech Republic,1800,0,2011
Czech Republic,2100,0,2011
Czech Republic,2300,0,2011
Czech Republic,2600,0,2011
Czech Republic,3400,0,2011
Czech Republic,3600,0,2011
Denmark,700,0,2011
Denmark,800,0,2011
Denmark,900,0,2011
Denmark,1500,0,2011
Denmark,1800,0,2011
Denmark,2100,0,2011
Denmark,2300,0,2011
Denmark,2600,0,2011
Denmark,3400,0,2011
Denmark,3600,0,2011
Dominican Republic,700,0,2011
Dominican Republic,800,0,2011
Dominican Republic,900,0,2011
Dominican Republic,1500,0,2011
Dominican Republic,1800,0,2011
Dominican Republic,2100,0,2011
Dominican Republic,2300,0,2011
Dominican Republic,2600,0,2011
Dominican Republic,3400,0,2011
Dominican Republic,3600,0,2011
Ecuador,700,0,2011
Ecuador,800,0,2011
Ecuador,900,0,2011
Ecuador,1500,0,2011
Ecuador,1800,0,2011
Ecuador,2100,0,2011
Ecuador,2300,0,2011
Ecuador,2600,0,2011
Ecuador,3400,0,2011
Ecuador,3600,0,2011
Estonia,700,0,2011
Estonia,800,0,2011
Estonia,900,0,2011
Estonia,1500,0,2011
Estonia,1800,0,2011
Estonia,2100,0,2011
Estonia,2300,0,2011
Estonia,2600,0,2011
Estonia,3400,0,2011
Estonia,3600,0,2011
Fiji,700,0,2011
Fiji,800,0,2011
Fiji,900,0,2011
Fiji,1500,0,2011
Fiji,1800,0,2011
Fiji,2100,0,2011
Fiji,2300,0,2011
Fiji,2600,0,2011
Fiji,3400,0,2011
Fiji,3600,0,2011
Finland,700,0,2011
Finland,800,0,2011
Finland,900,0,2011
Finland,1500,0,2011
Finland,1800,0,2011
Finland,2100,0,2011
Finland,2300,0,2011
Finland,2600,0,2011
Finland,3400,0,2011
Finland,3600,0,2011
France,700,0,2011
France,800,1.012309573,2011
France,900,0,2011
France,1500,0,2011
France,1800,0,2011
France,2100,0,2011
France,2300,0,2011
France,2600,0.135819069,2011
France,3400,0,2011
France,3600,0,2011
Georgia,700,0,2011
Georgia,800,0,2011
Georgia,900,0,2011
Georgia,1500,0,2011
Georgia,1800,0,2011
Georgia,2100,0,2011
Georgia,2300,0,2011
Georgia,2600,0,2011
Georgia,3400,0,2011
Georgia,3600,0,2011
Germany,700,0,2011
Germany,800,0,2011
Germany,900,0,2011
Germany,1500,0,2011
Germany,1800,0,2011
Germany,2100,0,2011
Germany,2300,0,2011
Germany,2600,0,2011
Germany,3400,0,2011
Germany,3600,0,2011
Greece,700,0,2011
Greece,800,0,2011
Greece,900,0.577484942,2011
Greece,1500,0,2011
Greece,1800,0.255090916,2011
Greece,2100,0,2011
Greece,2300,0,2011
Greece,2600,0,2011
Greece,3400,0,2011
Greece,3600,0,2011
Honduras,700,0,2011
Honduras,800,0,2011
Honduras,900,0,2011
Honduras,1500,0,2011
Honduras,1800,0,2011
Honduras,2100,0,2011
Honduras,2300,0,2011
Honduras,2600,0,2011
Honduras,3400,0,2011
Honduras,3600,0,2011
Hong Kong Chi0,700,0,2011
Hong Kong Chi0,800,0,2011
Hong Kong Chi0,900,5.55266497,2011
Hong Kong Chi0,1500,0,2011
Hong Kong Chi0,1800,0,2011
Hong Kong Chi0,2100,0,2011
Hong Kong Chi0,2300,0.291343532,2011
Hong Kong Chi0,2600,0,2011
Hong Kong Chi0,3400,0,2011
Hong Kong Chi0,3600,0,2011
Hungary,700,0,2011
Hungary,800,0,2011
Hungary,900,0,2011
Hungary,1500,0,2011
Hungary,1800,0,2011
Hungary,2100,0,2011
Hungary,2300,0,2011
Hungary,2600,0,2011
Hungary,3400,0,2011
Hungary,3600,0,2011
Ireland,700,0,2011
Ireland,800,0,2011
Ireland,900,0,2011
Ireland,1500,0,2011
Ireland,1800,0,2011
Ireland,2100,0,2011
Ireland,2300,0,2011
Ireland,2600,0,2011
Ireland,3400,0,2011
Ireland,3600,0,2011
Israel,700,0,2011
Israel,800,0,2011
Israel,900,0,2011
Israel,1500,0,2011
Israel,1800,0,2011
Israel,2100,0,2011
Israel,2300,0,2011
Israel,2600,0,2011
Israel,3400,0,2011
Israel,3600,0,2011
Italy,700,0,2011
Italy,800,1.071876283,2011
Italy,900,0,2011
Italy,1500,0,2011
Italy,1800,0.343683024,2011
Italy,2100,0,2011
Italy,2300,0,2011
Italy,2600,0.053572212,2011
Italy,3400,0,2011
Italy,3600,0,2011
Jordan,700,0,2011
Jordan,800,0,2011
Jordan,900,0,2011
Jordan,1500,0,2011
Jordan,1800,0,2011
Jordan,2100,0,2011
Jordan,2300,0,2011
Jordan,2600,0,2011
Jordan,3400,0,2011
Jordan,3600,0,2011
Korea Rep.,700,0,2011
Korea Rep.,800,0,2011
Korea Rep.,900,0,2011
Korea Rep.,1500,0,2011
Korea Rep.,1800,0,2011
Korea Rep.,2100,0,2011
Korea Rep.,2300,0,2011
Korea Rep.,2600,0,2011
Korea Rep.,3400,0,2011
Korea Rep.,3600,0,2011
Kyrgyz Republic,700,0,2011
Kyrgyz Republic,800,0,2011
Kyrgyz Republic,900,0,2011
Kyrgyz Republic,1500,0,2011
Kyrgyz Republic,1800,0,2011
Kyrgyz Republic,2100,0,2011
Kyrgyz Republic,2300,0,2011
Kyrgyz Republic,2600,0,2011
Kyrgyz Republic,3400,0,2011
Kyrgyz Republic,3600,0,2011
Latvia,700,0,2011
Latvia,800,0,2011
Latvia,900,0,2011
Latvia,1500,0,2011
Latvia,1800,0,2011
Latvia,2100,0,2011
Latvia,2300,0,2011
Latvia,2600,0,2011
Latvia,3400,0,2011
Latvia,3600,0,2011
Lithuania,700,0,2011
Lithuania,800,0,2011
Lithuania,900,0,2011
Lithuania,1500,0,2011
Lithuania,1800,0,2011
Lithuania,2100,0,2011
Lithuania,2300,0,2011
Lithuania,2600,0,2011
Lithuania,3400,0,2011
Lithuania,3600,0,2011
Macedonia FYR,700,0,2011
Macedonia FYR,800,0,2011
Macedonia FYR,900,0,2011
Macedonia FYR,1500,0,2011
Macedonia FYR,1800,0,2011
Macedonia FYR,2100,0,2011
Macedonia FYR,2300,0,2011
Macedonia FYR,2600,0,2011
Macedonia FYR,3400,0,2011
Macedonia FYR,3600,0,2011
Malaysia,700,0,2011
Malaysia,800,0,2011
Malaysia,900,0,2011
Malaysia,1500,0,2011
Malaysia,1800,0,2011
Malaysia,2100,0,2011
Malaysia,2300,0,2011
Malaysia,2600,0,2011
Malaysia,3400,0,2011
Malaysia,3600,0,2011
Malta,700,0,2011
Malta,800,0,2011
Malta,900,0,2011
Malta,1500,0,2011
Malta,1800,0,2011
Malta,2100,0,2011
Malta,2300,0,2011
Malta,2600,0,2011
Malta,3400,0,2011
Malta,3600,0,2011
Moldova,700,0,2011
Moldova,800,0,2011
Moldova,900,0,2011
Moldova,1500,0,2011
Moldova,1800,0,2011
Moldova,2100,0,2011
Moldova,2300,0,2011
Moldova,2600,0,2011
Moldova,3400,0,2011
Moldova,3600,0,2011
Morocco,700,0,2011
Morocco,800,0,2011
Morocco,900,0,2011
Morocco,1500,0,2011
Morocco,1800,0,2011
Morocco,2100,0,2011
Morocco,2300,0,2011
Morocco,2600,0,2011
Morocco,3400,0,2011
Morocco,3600,0,2011
Mozambique,700,0,2011
Mozambique,800,0,2011
Mozambique,900,0.038565731,2011
Mozambique,1500,0,2011
Mozambique,1800,0,2011
Mozambique,2100,0,2011
Mozambique,2300,0,2011
Mozambique,2600,0,2011
Mozambique,3400,0,2011
Mozambique,3600,0,2011
Netherlands,700,0,2011
Netherlands,800,0,2011
Netherlands,900,0,2011
Netherlands,1500,0,2011
Netherlands,1800,0,2011
Netherlands,2100,0,2011
Netherlands,2300,0,2011
Netherlands,2600,0,2011
Netherlands,3400,0,2011
Netherlands,3600,0,2011
New Zealand,700,0,2011
New Zealand,800,0,2011
New Zealand,900,0,2011
New Zealand,1500,0,2011
New Zealand,1800,0,2011
New Zealand,2100,0,2011
New Zealand,2300,0,2011
New Zealand,2600,0,2011
New Zealand,3400,0,2011
New Zealand,3600,0,2011
Nigeria,700,0,2011
Nigeria,800,0,2011
Nigeria,900,0,2011
Nigeria,1500,0,2011
Nigeria,1800,0,2011
Nigeria,2100,0,2011
Nigeria,2300,0,2011
Nigeria,2600,0,2011
Nigeria,3400,0,2011
Nigeria,3600,0,2011
Norway,700,0,2011
Norway,800,0,2011
Norway,900,0,2011
Norway,1500,0,2011
Norway,1800,0,2011
Norway,2100,0,2011
Norway,2300,0,2011
Norway,2600,0,2011
Norway,3400,0,2011
Norway,3600,0,2011
Pakistan,700,0,2011
Pakistan,800,0,2011
Pakistan,900,0,2011
Pakistan,1500,0,2011
Pakistan,1800,0,2011
Pakistan,2100,0,2011
Pakistan,2300,0,2011
Pakistan,2600,0,2011
Pakistan,3400,0,2011
Pakistan,3600,0,2011
Peru,700,0,2011
Peru,800,0,2011
Peru,900,0,2011
Peru,1500,0,2011
Peru,1800,0,2011
Peru,2100,0,2011
Peru,2300,0,2011
Peru,2600,0,2011
Peru,3400,0,2011
Peru,3600,0,2011
Poland,700,0,2011
Poland,800,0,2011
Poland,900,0,2011
Poland,1500,0,2011
Poland,1800,0,2011
Poland,2100,0,2011
Poland,2300,0,2011
Poland,2600,0,2011
Poland,3400,0,2011
Poland,3600,0,2011
Portugal,700,0,2011
Portugal,800,0.671184672,2011
Portugal,900,0.447456448,2011
Portugal,1500,0,2011
Portugal,1800,0.05966086,2011
Portugal,2100,0,2011
Portugal,2300,0,2011
Portugal,2600,0.044745645,2011
Portugal,3400,0,2011
Portugal,3600,0,2011
Romania,700,0,2011
Romania,800,0,2011
Romania,900,0,2011
Romania,1500,0,2011
Romania,1800,0,2011
Romania,2100,0,2011
Romania,2300,0,2011
Romania,2600,0,2011
Romania,3400,0,2011
Romania,3600,0,2011
Russian Federation,700,0,2011
Russian Federation,800,0,2011
Russian Federation,900,0,2011
Russian Federation,1500,0,2011
Russian Federation,1800,0,2011
Russian Federation,2100,0,2011
Russian Federation,2300,0,2011
Russian Federation,2600,0,2011
Russian Federation,3400,0,2011
Russian Federation,3600,0,2011
Serbia,700,0,2011
Serbia,800,0,2011
Serbia,900,0,2011
Serbia,1500,0,2011
Serbia,1800,0,2011
Serbia,2100,0,2011
Serbia,2300,0,2011
Serbia,2600,0,2011
Serbia,3400,0,2011
Serbia,3600,0,2011
Singapore,700,0,2011
Singapore,800,0,2011
Singapore,900,0,2011
Singapore,1500,0,2011
Singapore,1800,0.513216023,2011
Singapore,2100,0,2011
Singapore,2300,0,2011
Singapore,2600,0,2011
Singapore,3400,0,2011
Singapore,3600,0,2011
Slovak Republic,700,0,2011
Slovak Republic,800,0,2011
Slovak Republic,900,0,2011
Slovak Republic,1500,0,2011
Slovak Republic,1800,0,2011
Slovak Republic,2100,0,2011
Slovak Republic,2300,0,2011
Slovak Republic,2600,0,2011
Slovak Republic,3400,0,2011
Slovak Republic,3600,0,2011
Slovenia,700,0,2011
Slovenia,800,0,2011
Slovenia,900,0,2011
Slovenia,1500,0,2011
Slovenia,1800,0,2011
Slovenia,2100,0,2011
Slovenia,2300,0,2011
Slovenia,2600,0,2011
Slovenia,3400,0,2011
Slovenia,3600,0,2011
Spain,700,0,2011
Spain,800,0.688810016,2011
Spain,900,0.527245336,2011
Spain,1500,0,2011
Spain,1800,0.042974422,2011
Spain,2100,0,2011
Spain,2300,0,2011
Spain,2600,0.034264941,2011
Spain,3400,0,2011
Spain,3600,0,2011
Sri Lanka,700,0,2011
Sri Lanka,800,0,2011
Sri Lanka,900,0,2011
Sri Lanka,1500,0,2011
Sri Lanka,1800,0,2011
Sri Lanka,2100,0,2011
Sri Lanka,2300,0,2011
Sri Lanka,2600,0,2011
Sri Lanka,3400,0,2011
Sri Lanka,3600,0,2011
Sweden,700,0,2011
Sweden,800,0.582226476,2011
Sweden,900,0,2011
Sweden,1500,0,2011
Sweden,1800,0.228909554,2011
Sweden,2100,0,2011
Sweden,2300,0,2011
Sweden,2600,0,2011
Sweden,3400,0,2011
Sweden,3600,0,2011
Switzerland,700,0,2011
Switzerland,800,0,2011
Switzerland,900,0,2011
Switzerland,1500,0,2011
Switzerland,1800,0,2011
Switzerland,2100,0,2011
Switzerland,2300,0,2011
Switzerland,2600,0,2011
Switzerland,3400,0,2011
Switzerland,3600,0,2011
Thailand,700,0,2011
Thailand,800,0,2011
Thailand,900,0,2011
Thailand,1500,0,2011
Thailand,1800,0,2011
Thailand,2100,0,2011
Thailand,2300,0,2011
Thailand,2600,0,2011
Thailand,3400,0,2011
Thailand,3600,0,2011
Turkey,700,0,2011
Turkey,800,0,2011
Turkey,900,0,2011
Turkey,1500,0,2011
Turkey,1800,0,2011
Turkey,2100,0,2011
Turkey,2300,0,2011
Turkey,2600,0,2011
Turkey,3400,0,2011
Turkey,3600,0,2011
Ukraine,700,0,2011
Ukraine,800,0,2011
Ukraine,900,0,2011
Ukraine,1500,0,2011
Ukraine,1800,0,2011
Ukraine,2100,0,2011
Ukraine,2300,0,2011
Ukraine,2600,0,2011
Ukraine,3400,0,2011
Ukraine,3600,0,2011
United Kingdom,700,0,2011
United Kingdom,800,0,2011
United Kingdom,900,0,2011
United Kingdom,1500,0,2011
United Kingdom,1800,0,2011
United Kingdom,2100,0,2011
United Kingdom,2300,0,2011
United Kingdom,2600,0,2011
United Kingdom,3400,0,2011
United Kingdom,3600,0,2011
Uruguay,700,0,2011
Uruguay,800,0,2011
Uruguay,900,0,2011
Uruguay,1500,0,2011
Uruguay,1800,0,2011
Uruguay,2100,0,2011
Uruguay,2300,0,2011
Uruguay,2600,0,2011
Uruguay,3400,0,2011
Uruguay,3600,0,2011
